Level,MapID,      X, Y,World,Answers,ValidWords
1,1,118,658,the,he|the|,he|the|
2,1,245,615,and,an|ad|and|,an|ad|and|
3,1,403,558,for,of|or|for|,of|or|for|
4,1,486,487,say,as|say|,as|say|
5,1,549,435,but,but|tub|,but|tub|
6,1,652,487,fog,of|go|fog|,of|go|fog|
7,2,202,364,low,ow|low|owl|,ow|low|owl|
8,2,166,464,opt,to|opt|pot|top|,to|opt|pot|top|
9,2,274,632,arm,arm|ram|mar|,arm|ram|mar|
10,2,234,808,ash,as|ash|has|,as|ah|ha|sh|ash|has|
11,2,340,724,rod,or|do|rod|,or|do|rod|
12,2,572,716,pat,at|pat|apt|tap|,at|pat|apt|tap|
13,2,652,640,are,are|ear|era|,are|ear|era|
14,3,182,846,new,we|new|wen|,we|new|wen|
15,3,179,738,can,an|can|,an|can|
16,3,203,664,our,or|our|,or|our|
17,3,177,573,one,on|no|one|eon|,on|no|one|eon|
18,3,151,480,may,am|my|ya|may|yam|,am|my|ya|may|yam|
19,3,360,385,out,to|out|,to|out|
20,3,466,432,sue,us|use|sue|,us|use|sue|
21,3,571,479,who,ow|who|how|,ow|who|how|
22,3,592,671,she,he|she|,he|she|
23,3,550,767,sex,ex|sex|,ex|sex|
24,3,594,847,map,am|pm|map|amp|,am|pm|map|amp|
25,4,234,639,way,way|yaw|,way|yaw|
26,4,118,766,own,on|no|own|won|now|,on|no|own|won|now|
27,4,279,792,den,end|den|,end|den|
28,4,444,759,him,hi|him|,hi|him|
29,4,580,731,law,law|awl|,law|awl|
30,4,634,589,men,me|men|,me|men|
31,4,547,588,hot,to|hot|,to|hot|
32,4,431,578,tax,at|tax|,at|tax|
33,4,446,510,got,go|to|got|tog|,go|to|got|tog|
34,4,539,396,let,let|tel|,let|tel|
35,4,630,456,cat,at|act|cat|,at|act|cat|
36,5,578,866,cot,to|cot|,to|cot|
37,5,560,797,pay,ya|pay|yap|,ya|pay|yap|
38,5,419,713,sun,us|sun|,us|sun|
39,5,348,666,ten,net|ten|,net|ten|
40,5,274,626,god,go|do|god|dog|,go|do|god|dog|
41,5,92,464,ask,as|ask|ska|,as|ask|ska|
42,5,172,347,mar,am|mar|arm|ram|,am|mar|arm|ram|
43,5,277,473,ago,go|ago|,go|ago|
44,5,317,560,bad,ad|bad|dab|,ad|bad|dab|
45,6,583,501,bit,it|bit|,it|bit|
46,6,558,777,into,in|it|no|on|to|nit|tin|ion|not|ton|into|,in|it|no|on|to|nit|tin|ion|not|ton|into|
47,6,526,847,your,or|you|our|your|,or|you|our|your|
48,6,445,826,than,at|an|hat|tan|ant|than|,at|ha|ah|an|hat|tan|ant|than|
49,6,328,852,like,ilk|lie|lei|like|,ilk|lie|lei|elk|like|
50,6,219,818,then,he|the|ten|net|hen|then|,he|eh|the|ten|net|hen|then|
51,6,121,823,more,me|or|rem|ore|roe|more|,me|or|rem|ore|roe|more|
52,6,171,758,want,an|at|wan|ant|tan|want|,an|at|wan|ant|tan|want|
53,6,341,674,find,if|in|fin|din|find|,if|in|fin|din|find|
54,6,593,385,give,veg|vie|give|,veg|vie|give|
55,7,246,1022,many,am|my|an|man|may|yam|any|many|,am|my|an|man|may|yam|any|nay|many|
56,7,362,970,good,go|do|god|dog|good|,go|do|god|dog|good|
57,7,230,636,life,if|lie|lei|elf|life|file|,if|lie|lei|elf|life|file|
58,7,172,470,down,do|ow|on|no|don|nod|own|won|now|down|,do|ow|on|no|don|nod|own|won|now|down|
59,7,238,406,over,or|voe|ore|roe|rev|over|rove|,or|voe|ore|roe|rev|over|rove|
60,7,376,386,last,as|at|sat|last|lats|alts|slat|salt|,as|at|lat|alt|sat|last|lats|alts|slat|salt|
61,7,420,422,group,rug|pug|our|pour|group|,rug|pug|our|pour|group|
62,7,458,502,begin,beg|big|bin|gen|neg|gin|gibe|begin|being|binge|,beg|big|bin|nib|gen|neg|gin|gibe|begin|being|binge|
63,7,518,778,where,hew|wee|her|whee|were|ewer|here|where|,hew|wee|ewe|her|ere|whee|were|ewer|here|where|
64,7,558,896,every,eve|rev|eye|ever|veer|very|every|,eve|rev|eye|rye|ever|veer|very|every|
65,7,624,952,might,him|git|hit|might|,him|git|hit|might|
66,8,580,916,place,clap|plea|pale|peal|leap|pace|cape|lace|place|,clap|plea|pale|peal|leap|pace|cape|lace|place|
67,8,464,835,large,real|gale|rage|gear|large|lager|regal|glare|,real|earl|gale|rage|gear|large|lager|regal|glare|
68,8,339,851,under,nude|dune|rude|nerd|rend|under|,nude|dune|rune|rude|nerd|rend|under|
69,8,313,932,water,ware|wear|tare|tear|rate|water|,wart|ware|wear|tare|tear|rate|water|
70,8,158,826,write,writ|wire|rite|tire|tier|write|,writ|wire|weir|rite|tire|tier|write|
71,8,181,722,young,you|guy|gun|young|,you|guy|gun|young|
72,8,240,684,month,not|ton|hot|moth|month|,not|ton|hot|moth|month|
73,8,241,594,study,stud|dust|duty|study|dusty|,sty|stud|dust|duty|study|dusty|
74,8,408,474,issue,sue|use|sues|uses|issue|,sis|sue|use|sues|uses|issue|
75,8,588,348,black,balk|back|lack|black|,balk|back|lack|black|
76,8,523,649,since,sin|sec|ice|sine|ices|nice|since|,sin|sic|sec|ice|sine|ices|nice|since|
77,8,394,678,until,nut|nit|tin|unit|lint|until|unlit|,nut|nit|tin|nil|lit|unit|lint|until|unlit|
78,9,197,654,power,pow|pew|owe|woe|row|prow|pore|rope|wore|power|,pow|wop|pro|pew|per|rep|owe|woe|row|ore|roe|prow|pore|rope|wore|power|
79,9,138,737,often,ton|not|one|ten|net|font|tone|note|often|,foe|toe|ton|not|one|eon|fen|ten|net|font|tone|note|often|
80,9,76,820,among,man|ago|nag|moan|among|mango|,man|ago|nag|moan|among|mango|
81,9,149,868,stand,sat|sad|ant|and|sand|stand|,sat|sad|ads|tan|ant|tad|and|tans|ants|sand|stand|
82,9,250,878,white,wit|wet|hit|the|tie|whit|with|whet|white|,hew|wit|wet|hit|hie|the|tie|whit|with|whet|white|
83,9,336,837,watch,caw|act|cat|hat|what|thaw|chat|watch|,caw|haw|cwt|act|cat|hat|what|thaw|chat|watch|
84,9,358,734,allow,all|awl|law|low|owl|wall|allow|,all|awl|law|low|owl|wall|allow|
85,9,377,636,party,part|rapt|trap|pray|arty|tray|party|,part|rapt|tarp|trap|pray|arty|tray|party|
86,9,432,548,early,real|year|rely|early|relay|layer|,earl|real|year|rely|lyre|early|relay|layer|
87,9,626,442,offer,off|for|ore|ref|fore|offer|,off|foe|for|fro|ore|roe|ref|fore|offer|
88,9,662,502,maybe,may|yam|bay|bye|beam|maybe|,may|yam|bay|yea|bye|beam|maybe|
89,9,618,584,music,sum|cum|scum|cums|music|,sum|cum|sic|scum|cums|music|
90,10,452,308,death,had|eat|ate|tea|the|hat|date|head|heat|hate|death|,tad|had|eat|ate|tea|the|hat|date|head|heat|hate|death|hated|
91,10,466,438,major,jam|mar|arm|ram|jar|oar|roam|major|,jam|mar|arm|ram|jar|raj|oar|roam|major|
92,10,438,544,along,lag|ago|nag|log|loan|goal|long|along|,lag|gal|ago|nag|log|loan|gaol|goal|long|along|
93,10,338,580,heart,hear|heat|hate|rate|tear|tare|heart|hater|earth|,hear|hare|heat|hate|hart|rate|tear|tare|heart|hater|earth|
94,10,192,536,price,rip|per|pie|ice|ripe|epic|rice|price|,rip|per|rep|pie|ire|ice|pier|ripe|epic|rice|price|
95,10,338,746,break,bear|bare|bark|beak|bake|rake|break|brake|baker|,brae|bear|bare|bark|beak|bake|rake|break|brake|baker|
96,10,258,820,thank,than|tank|hank|thank|,than|tank|hank|thank|
97,10,142,952,model,mod|old|led|mode|demo|mold|meld|dole|lode|model|,mod|med|elm|ode|doe|old|led|mode|dome|demo|mold|mole|meld|dole|lode|model|
98,10,328,1008,event,eve|vet|net|ten|even|vent|teen|event|,eve|vet|tee|net|ten|even|vent|teen|event|
99,10,412,888,table,abet|beta|beat|tale|late|belt|able|bale|table|bleat|,abet|beta|beat|tale|teal|late|belt|able|bale|table|bleat|
100,10,492,938,court,cut|our|out|rot|tor|rut|curt|rout|tour|court|,cot|cur|cut|our|out|rot|tor|rut|curt|rout|tour|court|
101,10,524,798,image,aim|mag|gem|age|mega|game|image|,aim|mag|gem|age|mega|game|image|
102,10,458,696,phone,hop|pen|hen|one|hope|peon|open|nope|hone|phone|,hop|pen|hon|hoe|hen|one|eon|hope|peon|open|nope|hone|phone|
103,11,250,756,quite,tie|quit|quite|quiet|,tie|quit|quite|quiet|
104,11,176,743,piece,pie|pee|ice|epic|piece|,pie|pee|ice|epic|piece|
105,11,112,770,movie,vim|vie|move|movie|,vim|vie|move|movie|
106,11,107,861,north,nor|not|ton|rot|hot|torn|horn|north|thorn|,nor|not|ton|hon|rot|tor|hot|torn|horn|north|thorn|
107,11,204,914,third,hit|hid|rid|dirt|third|,hit|hid|rid|dirt|third|
108,11,268,888,catch,cat|act|hat|chat|catch|,cat|act|hat|chat|catch|
109,11,274,818,point,pot|opt|top|pin|nip|pit|tip|ion|not|ton|nit|tin|pint|into|point|,pot|opt|top|pin|nip|pit|tip|ion|not|ton|int|nit|tin|pint|into|point|pinto|piton|
110,11,348,655,plant,pan|nap|pat|tap|ant|tan|plan|plat|pant|plant|,pal|lap|alp|pan|nap|pat|apt|tap|lat|alt|ant|tan|plan|plat|pant|plant|
111,11,356,552,floor,for|fool|roof|floor|,for|fro|fool|roof|floor|
112,11,457,461,wrong,row|won|own|now|nor|worn|grow|gown|wrong|grown|,row|won|own|now|nor|worn|grow|gown|wrong|grown|
113,11,491,352,board,rob|bar|bra|bad|boar|bard|drab|road|board|broad|,boa|bro|orb|rob|bod|bar|bra|bad|dab|oar|ado|rod|boar|bard|drab|road|board|broad|
114,11,545,544,fight,fig|fit|git|hit|gift|fight|,fig|fit|git|hit|gift|fight|
115,11,576,644,throw,hot|rot|tow|two|wot|how|who|row|throw|worth|,tho|hot|tor|rot|tow|two|wot|how|who|row|throw|worth|
116,11,630,717,sound,son|sod|sun|duo|nod|don|dun|undo|sound|,sou|son|sod|sun|duo|nod|don|dun|onus|nous|duos|nods|dons|duns|undo|sound|
117,11,541,816,enter,net|ten|teen|rent|tree|enter|,net|ten|tee|rte|ere|teen|tern|rent|tree|enter|
118,12,359,882,stock,sot|cost|sock|stock|,sot|soc|cos|cot|cost|cots|sock|stock|
119,12,265,852,media,dim|mad|dam|aim|die|aid|dime|made|maid|amid|idea|aide|media|,med|mid|dim|mad|dam|aim|die|aid|dime|idem|mead|made|dame|maid|amid|idea|aide|media|aimed|
120,12,160,885,ready,read|dear|dare|year|dray|yard|ready|,read|dear|dare|ayer|year|dray|yard|ready|rayed|
121,12,51,683,argue,rage|gear|urge|argue|auger|,rage|gear|urea|ague|urge|argue|auger|
122,12,136,554,staff,sat|fat|fast|staff|,sat|aft|fat|fast|fats|staff|
123,12,249,599,crime,ice|rim|rice|mice|rime|mire|emir|crime|,ice|rim|ire|rem|rice|mice|rime|mire|emir|crime|
124,12,301,653,laugh,lag|gal|lug|hag|hug|haul|laugh|,lag|gal|lug|hag|ugh|hug|haul|hula|laugh|
125,12,301,537,claim,aim|clam|calm|mail|claim|,cam|ail|lam|aim|clam|calm|mica|mail|claim|
126,12,289,457,legal,leg|gel|ale|lag|all|age|gale|gall|legal|,leg|gel|lea|ale|lag|gal|all|age|gale|gall|legal|
127,12,327,406,final,fin|fan|nil|fail|flan|nail|lain|final|,fin|fan|nil|ail|fail|flan|nail|lain|final|
128,12,397,534,light,lit|gilt|light|,lit|git|hit|gilt|hilt|light|
129,12,451,532,trial,rat|art|air|tail|rail|liar|lair|trial|trail|,tar|rat|art|lit|alt|lat|air|ail|tail|rail|lira|liar|lair|trial|trail|
130,12,497,627,shake,has|ash|she|ask|sea|sake|hake|shake|,has|ash|she|ska|ask|sea|sake|hake|shake|
131,12,577,636,chair,car|arc|air|char|arch|rich|hair|chair|,car|arc|air|char|arch|rich|hair|chair|
132,12,596,579,hotel,hot|the|toe|lot|let|hole|tole|hotel|,hot|tho|hoe|the|toe|lot|tel|let|hole|tole|hotel|
133,12,695,537,heavy,hey|hay|yea|have|yeah|heavy|,hey|hay|aye|yea|have|yeah|heavy|
134,11,250,756,tough,out|got|hot|hut|hog|hug|gout|thug|tough|ought|,out|tog|got|hot|tug|gut|hut|hog|ugh|hug|gout|thou|goth|thug|tough|ought|
135,11,176,743,agent,gate|gnat|tang|neat|gent|agent|,gate|gnat|tang|ante|neat|gent|agent|
136,11,112,770,smile,lie|slim|mile|lime|smile|slime|,ism|elm|lie|slim|semi|elms|isle|lies|mile|lime|smile|slime|miles|limes|
137,11,107,861,front,for|nor|rot|tor|not|ton|fort|font|torn|front|,fro|for|oft|nor|rot|tor|not|ton|fort|font|torn|front|
138,11,204,914,alone,lea|one|loan|lane|lean|lone|alone|,ale|lea|one|eon|loan|aloe|lane|lean|lone|noel|alone|
139,11,268,888,fresh,her|she|serf|hers|fresh|,ref|res|her|she|refs|serf|hers|fresh|
140,11,274,818,troop,rot|too|top|pot|root|port|poor|troop|,tor|rot|too|top|opt|pot|pro|root|port|poor|troop|
141,11,348,655,track,rat|art|act|cat|car|cart|tack|rack|track|,tar|rat|art|act|cat|arc|car|ark|cart|kart|tack|rack|track|
142,11,356,552,plane,plan|pale|peal|leap|pane|lane|lean|plane|panel|penal|,plan|plea|pale|peal|leap|pane|nape|neap|lane|lean|plane|panel|penal|
143,11,457,461,labor,lob|boa|bar|bra|oar|orb|rob|oral|boar|labor|,lab|lob|boa|bar|bra|oar|bro|orb|rob|oral|boar|labor|
144,11,491,352,dozen,don|nod|den|end|one|doze|done|node|zone|dozen|,doz|doe|ode|don|nod|zed|den|end|one|eon|doze|done|node|zone|dozen|zoned|
145,11,545,544,stick,sit|its|ski|tic|kit|skit|sick|tick|stick|,sit|its|sic|sci|ski|tic|cit|kit|tics|skit|kits|sick|tick|stick|ticks|
146,11,576,644,truck,rut|cut|curt|tuck|ruck|truck|,rut|cut|cur|curt|turk|tuck|ruck|truck|
147,11,630,717,shape,hasp|apse|heap|shape|heaps|phase|,hasp|apse|apes|peas|heap|shape|heaps|phase|
148,11,541,816,crowd,cow|cod|row|rod|crow|cord|word|crowd|,cow|cod|doc|row|rod|crow|cord|word|crowd|
149,12,359,882,guard,rug|dug|rag|gad|drug|drag|guard|,rug|dug|rag|gad|drug|grad|drag|guard|
150,12,265,852,marry,mar|arm|ram|may|yam|ray|army|marry|,mar|arm|ram|may|yam|ray|army|marry|
151,12,160,885,below,web|bow|owe|low|owl|lobe|blew|blow|bowl|below|bowel|elbow|,web|lob|bow|owe|woe|low|owl|bole|lobe|blew|blow|bowl|below|bowel|elbow|
152,12,51,683,voter,vet|toe|rot|vote|veto|over|rove|tore|rote|voter|overt|trove|,vet|rev|toe|tor|rot|ore|roe|vote|veto|over|rove|tore|rote|voter|overt|trove|
153,12,136,554,moral,mar|ram|arm|lam|oar|roam|loam|oral|moral|molar|,mar|ram|arm|lam|oar|roam|loam|oral|moral|molar|
154,12,249,599,daily,aid|lad|day|lid|lay|dial|laid|lady|idly|daily|,aid|lad|day|lid|ail|lay|dial|laid|lady|idly|daily|
155,12,301,653,fully,flu|fly|full|fully|,flu|fly|full|fully|
156,12,301,537,clean,can|lace|clan|cane|acne|lean|lane|clean|lance|,can|lea|ale|lace|clan|cane|acne|lean|lane|clean|lance|
157,12,289,457,plate,plat|pale|peal|leap|pate|tape|tale|plate|pleat|petal|,plat|plea|pale|peal|leap|pelt|pate|peat|tape|late|tale|teal|plate|pleat|petal|
158,12,327,406,alive,vial|vale|veal|live|vile|veil|evil|alive|,vial|vale|veal|live|vile|veil|evil|alive|
159,12,397,534,abuse,sea|bus|use|sue|base|abuse|,abs|sea|bus|use|sue|beau|base|abuse|beaus|
160,12,451,532,extra,eat|tea|ate|era|ear|are|tax|rat|art|tear|tare|rate|extra|,eat|tea|ate|era|ear|are|tax|tar|rat|art|tear|tare|rate|extra|
161,12,497,627,urban,run|bun|bra|bar|ran|ban|burn|bran|barn|urban|,rub|bur|urn|run|bun|nub|bra|bar|ran|ban|nab|burn|bran|barn|urban|
162,12,577,636,radio,air|rid|aid|ado|raid|arid|road|radio|,air|oar|rid|rod|aid|ado|raid|arid|road|radio|
163,12,596,579,dream,dear|dare|read|dram|dame|mead|made|ream|mare|dream|,dear|dare|read|dram|dame|mead|made|ream|mare|dream|armed|
164,12,695,537,pound,pod|pun|pond|pound|,pod|pun|nod|don|dun|upon|pond|undo|pound|
165,11,250,756,cause,sac|cue|sec|sea|use|sue|case|cause|sauce|,sac|cue|sec|sea|use|sue|case|aces|cues|cause|sauce|
166,11,176,743,brand,bar|ban|bad|ran|and|bran|barn|bard|drab|band|rand|brand|,bra|bar|ban|nab|bad|dab|ran|and|bran|barn|bard|drab|band|rand|darn|brand|
167,11,112,770,entry,net|ten|yet|try|tern|rent|entry|,net|ten|yen|yet|rye|try|tern|rent|entry|
168,11,107,861,album,lab|lam|bum|lamb|balm|maul|album|,lab|lam|bum|lamb|balm|maul|album|
169,11,204,914,cable,cab|ale|lea|lace|able|bale|cable|,cab|lab|ale|lea|lace|able|bale|cable|
170,11,268,888,flash,ash|has|half|lash|flash|,ash|has|half|lash|flash|
171,11,274,818,super,spur|sure|user|ruse|pure|super|purse|,spur|sure|user|ruse|rues|reps|pure|super|purse|
172,11,348,655,award,war|raw|wad|ward|draw|award|,war|raw|wad|ward|draw|award|
173,11,356,552,input,nip|pin|nit|tin|pit|tip|nut|put|pint|unit|punt|input|,nip|pin|int|nit|tin|pit|tip|pun|nut|put|pint|unit|punt|input|
174,11,457,461,metal,meta|meat|mate|team|melt|meal|male|lame|malt|tale|late|metal|,meta|meat|mate|team|tame|melt|meal|male|lame|malt|teal|tale|late|metal|
175,11,491,352,people,pole|lope|peep|peel|plop|elope|people|,pope|pole|lope|peep|peel|plop|elope|people|
176,11,545,544,should,shod|lush|soul|sold|hold|loud|should|,shod|hods|lush|soul|duos|sold|hold|loud|holds|should|
177,11,576,644,become,comb|come|become|,comb|come|become|
178,11,630,717,really,real|year|rely|yell|ally|relay|early|layer|rally|really|,real|earl|year|rely|lyre|yell|ally|relay|early|layer|rally|alley|really|
179,11,541,816,family,fail|flay|film|mail|filmy|family|,fail|flay|film|mail|filmy|family|
180,12,359,882,number,numb|menu|burn|rune|rube|number|,numb|menu|burn|rune|rube|berm|umber|number|
181,12,265,852,happen,heap|pane|nape|neap|happen|,heap|pane|nape|neap|happen|
182,12,160,885,before,beef|bore|robe|beer|fore|free|reef|before|,beef|bore|robe|beer|fore|free|reef|before|
183,12,51,683,mother,tome|home|more|them|term|tore|rote|hero|metro|therm|other|mother|,moth|mote|tome|home|more|them|term|tore|rote|hero|metro|therm|other|mother|
184,12,136,554,little,tilt|till|tile|tell|title|little|,tilt|lilt|till|lite|tile|tell|title|little|
185,12,249,599,friend,infer|fried|fired|fiend|fined|diner|friend|finder|,finer|infer|fried|fired|fiend|fined|diner|friend|finder|
186,12,301,653,father,fate|feat|fare|fear|hate|heat|tear|rate|hear|after|hater|heart|earth|father|,fate|feat|feta|fart|frat|raft|fare|fear|heft|fret|hate|heat|hart|tare|tear|rate|hare|hear|after|hater|heart|earth|father|
187,12,301,537,member,berm|mere|beer|ember|member|,berm|mere|beer|ember|member|
188,12,289,457,change,ache|each|cane|cage|hang|change|,ache|each|cane|acne|cage|hang|change|
189,12,327,406,minute,mint|mien|mite|item|time|emit|menu|mute|unit|tune|unite|minute|,mint|mine|mien|mite|item|time|emit|menu|mute|unit|tine|tune|unmet|unite|untie|minute|minuet|
190,12,397,534,follow,fool|flow|wolf|woof|wool|follow|,fool|fowl|flow|wolf|woof|wool|follow|
191,12,451,532,create,crate|caret|cater|react|trace|eater|create|,crate|caret|carte|cater|react|trace|erect|eater|create|cetera|
192,12,497,627,health,heal|hale|heat|hate|late|tale|heath|health|,heal|hale|heat|hate|halt|lath|hath|late|teal|tale|lathe|heath|health|
193,12,577,636,within,with|whit|twin|thin|hint|within|,with|whit|twin|thin|hint|within|
194,12,596,579,moment,memo|mote|tome|note|tone|moment|,memo|omen|mote|tome|note|tone|moment|
195,12,695,537,enough,gone|hone|huge|hung|enough|,gone|hone|huge|hung|enough|
196,11,250,756,policy,ploy|copy|clip|coil|oily|cloy|policy|,clop|ploy|copy|clip|coil|oily|cloy|policy|
197,11,176,743,former,form|from|fore|more|former|reform|,form|from|fore|more|former|reform|
198,11,112,770,report,rope|pore|rote|tore|port|poet|trope|retro|report|porter|,rope|pore|pert|rote|tore|port|poet|trope|retro|report|porter|
199,11,107,861,better,beet|beer|tree|beret|better|,beet|beer|tree|beret|better|
200,11,204,914,police,pole|lope|cope|clip|pile|epic|coil|police|,clop|pole|lope|cope|clip|pile|epic|coil|lice|police|
201,11,268,888,player,paler|pearl|reply|payer|repay|layer|early|relay|player|replay|,paler|pearl|reply|payer|repay|layer|early|relay|player|parley|pearly|replay|
202,11,274,818,record,credo|cored|decor|order|record|,corer|credo|cored|decor|order|record|
203,11,348,655,ground,rung|drug|dung|dour|undo|gourd|round|ground|,rung|drug|dung|dour|undo|gourd|round|ground|
204,11,356,552,center,cent|teen|tern|rent|tree|enter|center|recent|,cent|cert|teen|tern|rent|tree|erect|enter|center|recent|
205,11,457,461,figure,frig|fire|rife|urge|grief|figure|,frig|fire|rife|urge|grief|figure|
206,11,491,352,either,tier|tire|hire|thee|tree|here|their|there|three|either|,tier|tire|rite|heir|hire|thee|tree|here|their|ether|there|three|either|
207,11,545,544,doctor,cord|trod|door|coot|root|doctor|,cord|trod|door|odor|rood|coot|root|doctor|
208,11,576,644,decide,died|deed|diced|ceded|decide|,dice|iced|cede|died|deed|diced|ceded|decide|
209,11,630,717,window,wind|down|widow|window|,wind|wino|down|widow|window|
210,11,541,816,energy,gene|genre|green|energy|,gene|genre|green|energy|
211,12,359,882,anyone,none|neon|annoy|anyone|,anon|none|neon|annoy|anyone|
212,12,265,852,author,auto|hart|rota|hurt|tour|rout|hour|author|,auto|oath|hart|rota|hoar|thou|hurt|tour|rout|hour|author|
213,12,160,885,agency,cage|acne|cane|cyan|cagey|agency|,cage|yang|acne|cane|cyan|cagey|agency|
214,12,51,683,factor,fact|frat|raft|fort|coat|cart|rota|craft|actor|factor|,fact|fart|frat|raft|afro|fort|coat|taco|cart|rota|facto|craft|croft|actor|factor|
215,12,136,554,beyond,obey|bone|bend|body|bond|deny|node|done|beyond|,obey|bone|bode|bend|bony|body|bond|deny|node|done|ebony|boned|doyen|beyond|
216,12,249,599,amount,moan|atom|moat|auto|aunt|tuna|mount|amount|,moan|atom|moat|auto|aunt|tuna|unto|mount|amount|
217,12,301,653,career,care|acre|race|rare|rear|carer|racer|career|,care|acre|race|rare|rear|carer|racer|career|
218,12,301,537,degree,edge|deer|reed|greed|degree|,edge|deer|reed|greed|degree|
219,12,289,457,region,rein|ring|grin|iron|gone|reign|goner|groin|region|ignore|,ergo|gore|goer|ogre|rein|ring|grin|iron|gone|reign|goner|groin|region|ignore|
220,12,327,406,arrive,rare|rear|rave|raver|river|arrive|,rare|rear|aver|rave|airer|raver|river|arrive|
221,12,397,534,expert,peer|pert|tree|exert|expert|,peer|pert|tree|exert|peter|expert|
222,12,451,532,weapon,wean|wane|pawn|pane|neap|nape|peon|open|nope|weapon|,wean|wane|anew|pawn|pane|neap|nape|peon|open|nope|weapon|
223,12,497,627,manage,mane|mean|amen|name|mega|game|manage|,mane|mean|amen|name|mega|game|mange|manage|
224,12,577,636,camera,came|mace|cram|care|race|mare|ream|area|cream|camera|,came|acme|mace|cram|care|acre|race|mare|ream|area|cream|camera|
225,12,596,579,weight,whet|twig|with|whit|weigh|white|eight|weight|,whet|whig|twig|with|whit|weigh|white|eight|weight|
226,12,695,537,affect,face|fate|feat|fact|facet|affect|,face|fate|feat|feta|fact|facet|affect|
227,11,250,756,writer,writ|wire|rite|tire|tier|write|trier|writer|,writ|wire|weir|rite|tire|tier|write|trier|writer|
228,11,176,743,cancer,cane|acne|care|race|near|earn|crane|cancer|,cane|acne|narc|care|acre|race|near|earn|crane|cancer|
229,11,112,770,finger,fine|fire|grin|ring|rein|feign|grief|reign|finger|fringe|,fine|frig|fire|rife|fern|grin|ring|rein|feign|finer|infer|grief|reign|finger|fringe|
230,11,107,861,garden,grade|grand|anger|range|garden|gander|danger|,grade|raged|grand|anger|range|garden|gander|ranged|danger|
231,11,204,914,notice,into|note|tone|icon|coin|once|cone|cent|nice|notice|,into|cont|note|tone|icon|coin|once|cone|econ|tine|cent|nice|cine|cite|tonic|notice|
232,11,268,888,budget,tube|debt|budge|debug|debut|budget|,tube|debt|duet|budge|debug|debut|budget|
233,11,274,818,travel,avert|alter|alert|later|valet|travel|,avert|alter|alert|later|valet|velar|travel|varlet|
234,11,348,655,option,into|onto|pint|point|option|potion|,into|onto|pint|point|piton|pinto|option|potion|
235,11,356,552,recall,race|care|real|lace|cell|call|clear|recall|cellar|caller|,race|care|acre|real|earl|lace|cell|call|clear|recall|cellar|caller|
236,11,457,461,income,icon|coin|nice|mine|mice|cone|once|come|mince|income|,icon|coin|nice|cine|omni|mine|mien|mice|cone|once|omen|come|mince|income|
237,11,491,352,attend,teat|ante|neat|date|dean|tent|tend|dent|attend|,teat|ante|neat|date|dean|tent|nett|tend|dent|attend|
238,11,545,544,battle,beat|bale|able|belt|teat|tale|late|table|battle|tablet|,beat|beta|abet|bale|able|belt|teat|tale|teal|late|bleat|table|latte|battle|tablet|
239,11,576,644,define,fend|feed|dine|need|find|fine|fiend|define|,fend|feed|dine|need|find|fine|fiend|fined|define|
240,11,630,717,normal,norm|roan|moan|loan|roam|oral|manor|moral|normal|,norm|morn|roan|moan|loan|roam|oral|loam|manor|moral|molar|normal|
241,11,541,816,handle,hand|head|heal|held|land|lane|lean|deal|lead|lend|laden|handle|,hand|head|hale|heal|held|land|dean|lane|lean|dale|deal|lead|lend|laden|handle|
242,12,359,882,return,true|rent|runt|turn|tune|tuner|rerun|return|,true|rent|tern|rune|runt|turn|tune|truer|tuner|rerun|return|turner|
243,12,265,852,survey,sure|user|ruse|very|survey|,sure|user|ruse|rues|revs|very|survey|
244,12,160,885,demand,made|mend|dean|dead|damn|mean|mane|amen|name|admen|amend|demand|,dame|mead|made|mend|dean|dead|damn|mean|mane|amen|name|admen|amend|named|demand|damned|madden|
245,12,51,683,flight,flit|lift|gift|fight|light|flight|,flit|lift|gift|gilt|hilt|filth|fight|light|flight|
246,12,136,554,emerge,mere|germ|merge|emerge|,mere|germ|merge|emerge|
247,12,249,599,belief,bile|beef|life|file|feel|flee|belief|,bile|beef|life|file|feel|flee|belie|belief|
248,12,301,653,murder,drum|rude|demur|murder|,drum|rude|rued|demur|ruder|murder|
249,12,301,537,review,ever|veer|wire|were|view|review|viewer|,ever|veer|weir|wire|ewer|were|view|review|viewer|
250,12,289,457,engage,gene|gang|engage|,gene|gage|gang|engage|
251,12,327,406,anyway,yawn|away|anyway|,yawn|away|anyway|
252,12,397,534,female,fame|flea|leaf|feel|flee|meal|male|lame|flame|female|,fame|flea|leaf|feel|flee|meal|male|lame|flame|female|
253,12,451,532,afraid,fair|arid|raid|afraid|,afar|fair|aria|arid|raid|afraid|
254,12,497,627,charge,arch|ache|each|care|race|cage|hear|rage|gear|reach|grace|charge|,char|arch|ache|each|crag|care|acre|race|cage|hare|hear|rage|gear|reach|grace|charge|
255,12,577,636,active,cave|cite|vice|evict|active|,cave|cite|vice|vitae|civet|evict|active|
256,12,596,579,extend,next|teen|tend|dent|need|extend|,next|teen|tend|dent|need|extend|
257,12,695,537,bottom,boot|tomb|boom|bottom|,boot|tomb|boom|toot|moot|motto|bottom|
258,11,250,756,damage,dame|made|mega|game|adage|damage|,dame|made|mead|aged|mega|game|adage|damage|
259,11,176,743,injury,ruin|jury|injury|,ruin|jury|injury|
260,11,112,770,engine,gene|nine|engine|,gene|nine|genie|engine|
261,11,107,861,ticket,tick|cite|kite|ticket|,tick|cite|kite|ticket|
262,11,204,914,obtain,boat|obit|into|bait|anti|obtain|,boat|obit|iota|into|bait|anti|baton|obtain|
263,11,268,888,invite,vine|vein|tine|vent|invite|,vine|vein|tine|vent|invite|
264,11,274,818,pocket,cope|poke|poet|peck|kept|coke|pocket|,cope|poke|poet|peck|kept|coke|toke|pocket|
265,11,348,655,belong,lobe|bone|lone|gone|long|noble|globe|belong|,bole|lobe|bone|glob|bong|lone|noel|ogle|glen|gone|long|noble|globe|belong|
266,11,356,552,yellow,yell|well|lowly|yellow|,yell|yowl|well|lowly|yellow|
267,11,457,461,profit,port|trip|riot|rift|profit|,prof|port|trip|fort|riot|trio|rift|profit|
268,11,491,352,prefer,peer|reef|free|refer|prefer|,peer|reef|free|refer|freer|prefer|
269,11,545,544,beauty,beat|beta|tube|byte|beauty|,beau|beat|beta|abet|tube|byte|abut|tuba|beaut|beauty|
270,11,576,644,bottle,bolt|bole|lobe|belt|bottle|,bolt|blot|bole|lobe|belt|tote|bottle|
271,11,630,717,launch,haul|clan|lunch|launch|,ulna|haul|clan|lunch|launch|
272,11,541,816,afford,road|ford|afford|,road|doff|ford|afford|
273,12,359,882,appeal,pale|peal|plea|leap|apple|appeal|,papa|pale|peal|plea|leap|apple|papal|appeal|
274,12,265,852,length,gent|then|length|,glen|lent|gent|then|length|
275,12,160,885,winner,wine|wire|nine|rein|inner|winner|,wine|wire|weir|wren|nine|rein|inner|winner|
276,12,51,683,volume,vole|love|move|mole|mule|volume|,vole|love|ovum|move|mole|mule|volume|
277,12,136,554,narrow,warn|worn|roar|arrow|narrow|,roan|warn|worn|roar|arrow|narrow|
278,12,249,599,useful,fuse|fuel|flue|self|useful|,fuse|fuel|flue|self|fuels|flues|useful|
279,12,301,653,reject,tree|erect|eject|reject|,jeer|tree|cert|erect|eject|reject|
280,12,301,537,plenty,pent|type|lent|plenty|,pelt|yelp|pent|type|lent|plenty|
281,12,289,457,behind,bend|bind|hide|dine|hind|behind|,bide|bend|bind|hide|dine|hind|behind|
282,12,327,406,proper,prop|pore|rope|prep|proper|,prop|pore|rope|prep|proper|
283,12,397,534,twenty,went|tent|twenty|,went|newt|tent|nett|twenty|
284,12,451,532,agenda,dean|adage|agenda|,aged|dang|dean|adage|agenda|
285,12,497,627,unable,blue|bane|bean|lane|lean|able|bale|unable|,ulna|beau|blue|bane|bean|lane|lean|able|bale|ulnae|unable|nebula|
286,12,577,636,visual,visa|sail|visual|,visa|vial|sail|ails|vials|visual|
287,12,596,579,inform,iron|firm|form|from|minor|inform|,info|iron|firm|norm|morn|form|from|minor|inform|
288,12,695,537,bother,both|bore|robe|tore|rote|hero|other|bother|,both|bore|robe|herb|tore|rote|hero|broth|throb|berth|other|bother|
289,11,250,756,double,loud|bold|bode|dole|lode|duel|lobe|blue|double|,loud|bold|bode|dole|lode|duel|bled|bole|lobe|blue|double|
290,11,176,743,jacket,jack|cake|tack|take|teak|jacket|,jack|cake|tack|take|teak|jacket|
291,11,112,770,adjust,dust|stud|just|adjust|,dust|stud|just|juts|adjust|
292,11,107,861,retire,tire|tier|tree|retire|,rite|tire|tier|tree|trier|retire|
293,11,204,914,attach,tact|that|chat|attach|,tact|that|chat|attach|
294,11,268,888,glance,cage|clan|lane|lean|lace|cane|angle|angel|clean|glance|,gale|glen|cage|clan|lane|lean|lace|acne|cane|clang|glean|angle|angel|lance|clean|glance|
295,11,274,818,junior,join|ruin|iron|junior|,join|ruin|iron|junior|
296,11,348,655,pretty,prey|pyre|type|petty|pretty|,pert|prey|pyre|type|petty|pretty|
297,11,356,552,unlike,nuke|link|line|like|unlike|,nuke|lieu|link|kiln|line|lien|like|liken|unlike|
298,11,457,461,recipe,rice|pier|peer|epic|price|crepe|creep|piece|recipe|pierce|,rice|ripe|pier|peer|epic|price|crepe|creep|piece|recipe|pierce|
299,11,491,352,wooden,wood|down|done|node|endow|wooden|,wood|owed|down|wend|done|node|wooed|owned|endow|wooden|
300,11,545,544,origin,iron|ring|grin|origin|,iron|ring|grin|groin|origin|
301,11,576,644,heaven,have|vane|nave|even|heave|haven|heaven|,have|vane|nave|even|heave|haven|heaven|
302,11,630,717,stupid,suit|stud|dust|spit|spud|stupid|,puts|suit|stud|dust|spit|tips|pits|spud|dips|stupid|
303,11,541,816,occupy,coup|copy|occupy|,coup|copy|coypu|occupy|
304,12,359,882,bullet,bull|blue|tube|bell|belt|lute|tell|bullet|,bull|blue|tube|bell|belt|lute|tell|tulle|bullet|
305,12,265,852,likely,like|kill|lily|yell|likely|,like|kill|lily|yell|likely|
306,12,160,885,freeze,free|reef|freeze|,free|reef|freeze|
307,12,51,683,target,tare|tear|rate|gate|rage|gear|grate|great|treat|target|,tare|tear|rate|tart|gate|teat|rage|gear|grate|great|tater|treat|target|
308,12,136,554,bucket,buck|cube|tube|beck|tuck|cute|bucket|,buck|cube|tube|beck|tuck|cute|bucket|
309,12,249,599,update,dupe|dept|pate|peat|tape|date|taupe|adept|update|,dupe|duet|aped|dept|pate|peat|tape|date|taupe|adept|taped|update|
310,12,301,653,remark,ream|mare|rear|rare|rake|mark|make|maker|remark|marker|,ream|mare|rear|rare|rake|mark|make|rearm|maker|remark|marker|
311,12,301,537,brutal,burl|blur|brat|tuba|brutal|,burl|blur|brat|tuba|abut|blurt|ultra|brutal|
312,12,289,457,forbid,ford|bird|forbid|,ford|bird|forbid|
313,12,327,406,mobile,moil|mole|limb|mile|lime|boil|bole|lobe|mobile|,moil|limo|mole|limb|mile|lime|boil|bole|lobe|bile|limbo|mobile|
314,12,397,534,palace,clap|pale|plea|peal|leap|pace|cape|lace|place|palace|,clap|pale|plea|peal|leap|pace|cape|lace|place|apace|palace|
315,12,451,532,patron,part|trap|atop|pant|port|porn|rota|rant|torn|patron|,part|tarp|trap|rapt|atop|pant|port|pron|porn|rota|rant|roan|torn|apron|patron|
316,12,497,627,carrot,cart|coat|roar|rota|actor|carrot|,cart|coat|taco|roar|rota|actor|carrot|
317,12,577,636,regret,tree|greet|regret|,tree|egret|greet|regret|
318,12,596,579,monkey,monk|omen|yoke|money|monkey|,monk|omen|yoke|money|monkey|
319,12,695,537,jungle,lung|glue|luge|lunge|jungle|,lung|glue|luge|glen|lunge|jungle|
320,11,250,756,behalf,bale|able|heal|hale|leaf|flea|half|fable|behalf|,bale|able|blah|flab|heal|hale|leaf|flea|half|fable|behalf|
321,11,176,743,pencil,pine|epic|pile|clip|nice|line|lice|pencil|,pine|epic|pile|clip|nice|cine|lien|line|lice|incl|pencil|
322,11,112,770,rabbit,barb|brat|bait|rabbit|,barb|brat|bait|rabbit|
323,11,107,861,helmet,helm|heel|them|melt|meet|theme|helmet|,helm|heel|them|thee|melt|meet|mete|teem|theme|helmet|
324,11,204,914,eleven,even|levee|eleven|,even|levee|eleven|
325,11,268,888,puzzle,pule|puzzle|,pule|puzzle|
326,11,274,818,empire,mire|rime|mere|pier|ripe|peer|prim|prime|empire|,perm|emir|mire|rime|mere|pier|ripe|peer|prim|prime|empire|
327,11,348,655,bubble,bulb|blue|bubble|,bulb|blue|bubble|
328,11,356,552,donate,done|node|dean|dent|tend|date|note|tone|neat|anode|atone|donate|,done|node|toad|dote|toed|dean|dent|tend|date|note|tone|neat|ante|anode|noted|toned|atone|donate|atoned|
329,11,457,461,toilet,toil|tote|tile|lite|tilt|title|toilet|,toil|tote|tile|lite|tilt|title|toilet|
330,11,491,352,enroll,lone|role|roll|loner|enroll|,noel|lone|role|lore|roll|loner|enroll|
331,11,545,544,vanish,vain|visa|shin|vanish|,vain|vans|visa|shiv|shin|vanish|
332,11,576,644,purple,pure|pulp|rule|lure|upper|purple|,pure|pulp|pule|prep|rule|lure|upper|purple|
333,11,630,717,pickup,pick|puck|pickup|,pick|puck|pickup|
334,11,541,816,convey,cone|once|oven|envy|envoy|convey|,cone|once|cove|oven|envy|coven|envoy|convey|
335,12,359,882,format,form|from|fort|foam|farm|frat|fart|raft|roam|rota|moat|atom|mart|tram|format|,form|from|fort|foam|farm|frat|fart|raft|roam|rota|moat|atom|mart|tram|format|
336,12,265,852,behave,have|heave|behave|,have|heave|behave|
337,12,160,885,guitar,gait|girt|grit|guitar|,gait|girt|grit|guitar|
338,12,51,683,medium,dime|mime|medium|,dime|mime|medium|
339,12,136,554,temple,temp|melt|teem|meet|pelt|peel|temple|,temp|melt|teem|mete|meet|pelt|peel|temple|
340,12,249,599,export,pore|rope|poet|rote|tore|port|trope|export|,expo|pore|rope|poet|pert|rote|tore|port|trope|export|
341,12,301,653,bitter,bite|tier|tire|rite|biter|tribe|trite|bitter|,bite|bier|tier|tire|rite|biter|tribe|trite|bitter|
342,12,301,537,combat,comb|coma|coat|tomb|moat|atom|boat|combat|,comb|coma|coat|taco|tomb|moat|atom|boat|combat|
343,12,289,457,gentle,gent|glen|gene|glee|lent|teen|gentle|,gent|glen|gene|glee|lent|teen|gentle|
344,12,327,406,legend,glee|glen|lend|gene|edge|need|ledge|legend|,glee|glen|geld|lend|gene|edge|need|ledge|legend|
345,12,397,534,abroad,boar|bard|drab|road|broad|board|abroad|aboard|,boar|bard|drab|road|broad|board|abroad|aboard|
346,12,451,532,soccer,sore|rose|core|score|soccer|,sore|ores|rose|core|score|cores|soccer|
347,12,497,627,defeat,feed|deaf|fade|date|daft|feet|feat|fate|defeat|,feed|deaf|fade|deft|date|daft|feet|feat|feta|fate|feted|fated|defeat|
348,12,577,636,orange,roan|gore|ergo|gone|rang|near|earn|rage|gear|organ|groan|range|anger|orange|,roan|ogre|gore|goer|ergo|gone|rang|near|earn|rage|gear|organ|argon|groan|goner|range|anger|orange|
349,12,596,579,cookie,cook|coke|cookie|,cook|coke|cookie|
350,12,695,537,devote,dove|veto|vote|devote|,dove|dote|toed|veto|vote|voted|devote|vetoed|
351,11,250,756,comedy,come|code|mode|dome|demo|decoy|comedy|,come|coed|code|mode|dome|demo|decoy|comedy|
352,11,176,743,borrow,boor|brow|borrow|,boor|brow|borrow|
353,11,112,770,garage,gear|rage|gaga|gage|area|garage|,agar|raga|gear|rage|gaga|gage|area|garage|
354,11,107,861,legacy,gale|lace|lacy|clay|cage|cagey|legacy|,gale|lace|lacy|clay|cage|cagey|legacy|
355,11,204,914,musical,music|claim|musical|,music|sumac|mauls|mails|calms|clams|claim|claims|musical|
356,11,268,888,climate,claim|email|metal|climate|,claim|clime|camel|cleat|email|metal|malice|climate|
357,11,274,818,payment,empty|meant|payment|,peaty|empty|meaty|meant|payment|
358,11,348,655,emotion,motion|emotion|,motion|emotion|
359,11,356,552,airline,alien|learn|linear|airline|,alien|renal|learn|liner|linear|airline|
360,11,457,461,library,library|,library|
361,11,491,352,recover,cover|recover|,cover|corer|rover|recover|
362,11,545,544,factory,craft|actor|factor|factory|,craft|foray|croft|forty|actor|factor|crafty|factory|
363,11,576,644,violent,olive|violet|violent|,voile|olive|liven|novel|inlet|violet|violent|
364,11,630,717,suppose,spouse|suppose|,soups|souse|popes|posse|poses|pesos|spouse|opuses|suppose|
365,11,541,816,abandon,abandon|,abandon|
366,12,359,882,alcohol,local|hallo|alcohol|,local|hallo|achoo|alcohol|
367,12,265,852,arrange,arena|anger|range|arrange|,reran|arena|anger|range|ranger|garner|arrange|
368,12,160,885,amazing,again|amazing|,mania|again|amazing|
369,12,51,683,intense,tense|tennis|intense|,inset|tines|stein|nines|tense|teens|tennis|intense|
370,12,136,554,advance,dance|advance|,caved|dance|caned|advance|
371,12,249,599,monitor,minor|motion|monitor|,minor|moron|motor|intro|motion|monitor|
372,12,301,653,digital,digit|digital|,digit|tidal|digital|
373,12,301,537,command,comma|command|,comma|nomad|command|
374,12,289,457,journey,enjoy|journey|,enjoy|journey|
375,12,327,406,anxiety,anxiety|,anxiety|
376,12,397,534,embrace,became|embrace|,camber|became|embrace|
377,12,451,532,channel,clean|channel|,leach|clean|lance|henna|channel|
378,12,497,627,extreme,meter|extreme|,exert|meter|extreme|
379,12,577,636,general,general|enlarge|,genera|enrage|angler|regale|leaner|general|enlarge|
380,12,596,579,refugee,refuge|refugee|,refuge|refugee|
381,12,695,537,barrier,barrier,barrier
382,11,250,756,cabinet,cabin|cabinet|,cabin|enact|cabinet|
383,11,176,743,unknown,known|unknown|,known|unknown|
384,11,112,770,offense,offense,offense
385,11,107,861,wealthy,whale|wealth|wealthy|,whale|wheat|lathe|wealth|wealthy|
386,11,204,914,uniform,forum|minor|inform|uniform|,mourn|forum|minor|inform|uniform|
387,11,268,888,helpful,helpful|,helpful|
388,11,274,818,arrival,rival|viral|arrival|,rival|viral|larva|avail|arrival|
389,11,348,655,habitat,habit|habitat|,habit|habitat|
390,11,356,552,blanket,blank|table|ankle|blanket|,blank|bleak|bleat|table|ankle|knelt|taken|anklet|blanket|
391,11,457,461,courage,grace|argue|courage|,cargo|grace|rouge|rogue|auger|argue|cougar|courage|
392,11,491,352,captain,panic|paint|captain|,panic|paint|inapt|capita|catnap|catnip|patina|captain|
393,11,545,544,gallery,really|gallery|allergy|largely|,galley|argyle|really|gallery|allergy|largely|regally|
394,11,576,644,compose,compose|,compose|
395,11,630,717,essence,sense|scene|essence|,sense|scene|scenes|essence|
396,11,541,816,swallow,allow|swallow|,walls|allow|sallow|allows|wallow|swallow|wallows|
397,12,359,882,diamond,domain|diamond|,nomad|domain|diamond|
398,12,265,852,biology,biology|,biology|
399,12,160,885,whoever,where|hover|whoever|however|,whore|where|hover|whoever|however|
400,12,51,683,bicycle,cycle|bicycle|,cycle|bicycle|
401,12,136,554,logical,logic|local|logical|,logic|local|lilac|logical|
402,12,249,599,unhappy,happy|unhappy|,nappy|happy|unhappy|
403,12,301,653,premium,prime|premium|,prime|impure|umpire|immure|premium|
404,12,301,537,provoke,prove|provoke|,prove|poker|provoke|
405,12,289,457,specify,spice|spicy|specify|,spice|epics|yipes|spicy|specify|
406,12,327,406,apology,apology|,apology|
407,12,397,534,website,sweet|website|,sweet|bites|beset|beets|website|
408,12,451,532,private,pirate|private|,privet|pirate|private|
409,12,497,627,provide,period|provide|,proved|period|dopier|provide|
410,12,577,636,example,example|,example|
411,12,596,579,usually,usual|usually|,usual|sully|sally|usually|
412,12,695,537,percent,recent|center|percent|,repent|recent|center|percent|
413,11,250,756,perfect,creep|perfect|,crepe|creep|peter|crept|erect|perfect|prefect|
414,11,176,743,ability,ability|,ability|
415,11,112,770,auction,count|action|auction|caution|,canto|tunic|count|tonic|toucan|action|cation|auction|caution|
416,11,107,861,amateur,mature|amateur|,trauma|mature|amateur|
417,11,204,914,brought,bought|brought|,bought|trough|brought|
418,11,268,888,graphic,graph|chair|graphic|,graph|cigar|parch|chair|chirp|graphic|
419,11,274,818,academy,decay|academy|,decay|academy|
420,11,348,655,dynamic,candy|dynamic|,candy|manic|dynamic|
421,11,356,552,preview,review|viewer|preview|,viper|wiper|review|viewer|preview|
422,11,457,461,highway,highway|,highway|
423,11,491,352,poverty,poetry|poverty|,poetry|poverty|
424,11,545,544,absence,scene|absence|,beans|canes|cease|beens|scene|encase|absence|
425,11,576,644,receipt,price|piece|recipe|receipt|,creep|crepe|erect|price|trice|crept|petri|tripe|piece|recipe|pierce|recite|receipt|
426,11,630,717,charity,chair|chart|charity|,chair|chart|chary|aitch|yacht|itchy|hairy|charity|
427,11,541,816,penalty,planet|plenty|penalty|,planet|plenty|neatly|penalty|aplenty|
428,12,359,882,teenage,eaten|agent|teenage|,eaten|agent|negate|teenage|
429,12,265,852,rainbow,brain|brown|rainbow|,brain|bairn|baron|brawn|robin|brown|rainbow|
430,12,160,885,renewal,renew|learn|renewal|,renew|newer|ranee|renal|learn|leaner|renewal|
431,12,51,683,diagram,drama|diagram|,drama|diagram|
432,12,136,554,acquire,acquire|,acquire|
636,12,249,599,seafood,seafood|,seafood|
434,12,301,653,revenge,never|green|genre|revenge|,nerve|never|verge|green|genre|veneer|renege|revenge|
435,12,301,537,lawsuit,lawsuit|,lawsuit|
436,12,289,457,predict,direct|credit|predict|,priced|depict|direct|credit|predict|
437,12,327,406,painful,plain|final|painful|,plain|pilaf|final|painful|
438,12,397,534,comfort,motor|comfort|,croft|motor|comfort|
439,12,451,532,scandal,salad|canal|scandal|,clans|scald|lands|nasal|salad|canal|canals|sandal|scandal|
440,12,497,627,officer,offer|force|office|officer|,offer|force|fifer|office|coffer|officer|
441,12,577,636,attempt,tempt|attempt|,tempt|attempt|
442,12,596,579,collect,collect|,collect|
443,12,695,537,meaning,image|meaning|,mange|image|inane|enigma|gamine|naming|meaning|
444,11,250,756,beneath,eaten|beaten|beneath|,bathe|eaten|thane|beaten|ethane|beneath|
445,11,176,743,because,abuse|scuba|cause|sauce|cease|because|,cubes|beaus|abuse|scuba|cause|sauce|cease|because|
446,11,112,770,between,bent|been|went|teen|between|,beet|bent|been|twee|went|newt|teen|between|
447,11,107,861,country,count|court|crony|county|outcry|country|,count|court|corny|crony|county|outcry|country|
448,11,204,914,problem,probe|problem|,probe|problem|
449,11,268,888,company,canopy|company|,campy|canopy|company|
450,11,274,818,program,armor|program|,armor|program|
451,11,348,655,believe,bevel|believe|,belie|bevel|levee|believe|
452,11,356,552,without,outwit|without|,outwit|without|
453,11,457,461,however,hover|where|however|whoever|,whore|hover|where|however|whoever|
454,11,491,352,nothing,ninth|night|thing|nothing|,thong|ingot|ninth|night|thing|noting|toning|honing|nothing|
455,11,545,544,whether,threw|where|there|three|whether|,threw|where|ether|there|three|whether|
456,11,576,644,history,shirt|short|story|history|,hoist|shirt|short|trios|riots|story|tyros|shorty|history|
457,11,630,717,morning,minor|morning|,minor|groin|morning|
458,11,541,816,college,college,cello|college|
459,12,359,882,suggest,guess|guest|suggest|,guess|guest|gusts|gusset|guests|suggest|
460,12,265,852,control,croon|color|control|,croon|colon|color|control|
461,12,160,885,require,queer|require|,queer|require|
462,12,51,683,finally,final|finally|,final|flail|filly|inlay|nilly|finally|
463,12,136,554,product,proud|court|product|,proud|croup|court|product|
464,12,249,599,century,truce|entry|century|,cuter|cruet|truce|tuner|entry|century|
465,12,301,653,billion,billion,billion
466,12,301,537,brother,other|bother|brother|,broth|throb|berth|other|retro|bother|brother|
467,12,289,457,realize,realize,realize
468,12,327,406,hundred,under|hundred|,under|nuder|udder|hundred|
469,12,397,534,economy,money|economy|,money|economy|
470,12,451,532,involve,novel|involve|,liven|voile|olive|novel|involve|
471,12,497,627,defense,dense|defense|,feeds|fends|dense|needs|defense|
472,12,577,636,quickly,quick|lucky|quickly|,quick|lucky|quickly|
473,12,596,579,foreign,finger|region|ignore|foreign|,forge|gofer|grief|infer|feign|goner|groin|reign|fringe|finger|region|ignore|foreign|
474,12,695,537,thought,tough|ought|though|thought|,tough|ought|though|thought|
475,11,250,756,success,success|,success|
476,11,176,743,benefit,benefit|,benefit|
477,11,112,770,forward,arrow|forward|,dwarf|arrow|ardor|forward|
478,11,107,861,various,virus|various|,savor|visor|virus|savior|various|
479,11,204,914,science,since|scene|science|,since|scene|niece|scenic|nieces|science|
480,11,268,888,imagine,image|mange|imagine|,image|mange|aiming|gamine|enigma|imagine|
481,11,274,818,tonight,thing|night|tight|tonight|,ingot|thong|thing|night|tight|toting|tonight|
482,11,348,655,popular,popular|,popular|
483,11,356,552,perform,reform|former|perform|,romper|reform|former|perform|
484,11,457,461,evening,given|engine|evening|,given|genie|engine|evening|
485,11,491,352,improve,prime|movie|prove|improve|,prime|movie|viper|mover|prove|improve|
486,11,545,544,purpose,purpose,purpose
487,11,576,644,machine,cinema|machine|,anemic|cinema|machine|
488,11,630,717,partner,parent|partner|,parent|entrap|errant|partner|
489,11,541,816,kitchen,ethnic|kitchen|,ethnic|kitchen|thicken|
490,12,359,882,opinion,onion|opinion|,onion|pinion|opinion|
491,12,265,852,species,species,species
492,12,160,885,freedom,deform|freedom|,formed|deform|freedom|
493,12,51,683,achieve,achieve,achieve
494,12,136,554,conduct,count|conduct|,count|donut|conduct|
495,12,249,599,nuclear,unreal|nuclear|unclear|,neural|unreal|lancer|nuclear|unclear|
496,12,301,653,weekend,weekend,weekend
497,12,301,537,village,villa|alive|legal|village|,villa|ville|alive|gavel|agile|legal|village|
498,12,289,457,observe,observe|verbose|,breves|observe|obverse|verbose|
499,12,327,406,average,grave|agree|eager|average|,grave|agave|agree|eager|verge|ravage|average|
500,12,397,534,operate,repeat|operate|,repeat|operate|
501,12,451,532,survive,virus|survive|,virus|survive|
502,12,497,627,comment,moment|comment|,moment|comment|
503,12,577,636,regular,larger|regular|,larger|regular|
504,12,596,579,measure,resume|measure|,resume|measure|
505,12,695,537,combine,income|combine|,mince|income|combine|
506,11,250,756,victory,ivory|victory|,vitro|ivory|victor|victory|
507,11,176,743,healthy,health|healthy|,lathe|heath|health|healthy|
508,11,112,770,justice,juice|suite|justice|,juice|suite|cites|juices|justice|
509,11,107,861,primary,marry|primary|,parry|marry|primary|
510,11,204,914,chicken,check|chicken|,chick|cinch|chink|niche|check|chicken|
511,11,268,888,session,noise|session|,noses|noise|noises|session|
512,11,274,818,welcome,welcome,welcome
513,11,348,655,complex,compel|complex|,clomp|compel|complex|
514,11,356,552,athlete,teeth|athlete|,lathe|latte|teeth|athlete|
515,11,457,461,balance,cable|canal|clean|balance|,banal|cabal|cable|canal|lance|clean|balance|
516,11,491,352,revenue,nerve|never|venue|revenue|,nerve|never|revue|venue|veneer|revenue|
517,11,545,544,obvious,obvious,obvious
518,11,576,644,anymore,money|anymore|,rayon|yearn|manor|mayor|money|yeoman|moaner|anymore|
519,11,630,717,propose,oppose|propose|,oppose|propose|
520,11,541,816,traffic,craft|tariff|traffic|,craft|tariff|traffic|
521,12,359,882,feature,after|feature|,after|eater|refute|feature|
522,12,265,852,outside,studio|outside|tedious|,studio|ousted|suited|duties|outside|tedious|
523,12,160,885,airport,ratio|prior|parrot|airport|,tapir|ratio|patio|prior|parrot|airport|
524,12,51,683,neither,entire|either|neither|,entire|herein|nether|either|neither|therein|
525,12,136,554,surgery,surgery,surgery
526,12,249,599,silence,since|scene|silence|license|,lines|slice|since|scene|niece|senile|nieces|silence|license|
527,12,301,653,confirm,minor|inform|confirm|,minor|micron|inform|confirm|
528,12,301,537,totally,total|loyal|totally|,total|atoll|allot|tally|alloy|loyal|totally|
529,12,289,457,holiday,daily|holiday|,doily|daily|holiday|
530,12,327,406,faculty,fault|faculty|,fault|faulty|faculty|
531,12,397,534,unusual,usual|unusual|,usual|unusual|
532,12,451,532,approve,paper|opera|prove|approve|,paper|vapor|opera|prove|approve|
533,12,497,627,illegal,legal|illegal|,agile|legal|illegal|
534,12,577,636,forever,fever|refer|forever|,fever|freer|refer|rover|fervor|forever|
535,12,596,579,insects,insect|incest||insets||insects|,insect|incest|nicest|insets|scents|insects|
536,12,695,537,refresh,frees|sheer|refers|refresh|,frees|fresh|sheer|refers|refresh|fresher|
537,11,250,756,stripes,ripest|sister|stripes||persist|,ripest|sister|spires|stripes|sprites|persist|
538,11,176,743,bracket,backer|racket|bracket|,backer|racket|bracket|
539,11,112,770,endless,needs|seeds|sensed|endless|,needs|sleds|seeds|sensed|lenses|lessen|endless|
540,11,107,861,possess,poses|possess|,posse|poses|pesos|possess|
541,11,204,914,figured,fried|guide|fridge|figured|,fired|fried|fudge|guide|urged|fridge|figured|
542,11,268,888,incised,dines|since|inside|incised|,dines|snide|since|inside|incised|
543,11,274,818,fabrics,fairs|scarf|basic|fabrics|,fairs|scarf|basic|cribs|fabrics|
544,11,348,655,tractor,tract|carrot|tractor|,tract|actor|tarot|carrot|tractor|
545,11,356,552,arrives,raiser|rivers|arrives|,raiser|varies|rivers|arrives|
546,11,457,461,donated,noted||dated|atoned|donated|,anode|noted|toned|dated|atoned|donated|
547,11,491,352,budgets,budges|busted|budgets|,budges|busted|debuts|budgets|
548,11,545,544,earning,anger|range|grain|regain|earning|,anger|range|inane|reign|grain|regain|earning|
549,11,576,644,nowhere,owner|renew|where|nowhere|,owner|heron|renew|where|nowhere|whereon|
550,11,630,717,tragedy,great||grade|ready|gyrate|tragedy|,great|trade|rated|gated|grade|rayed|ready|gyrate|tragedy|
551,11,541,816,sheriff,hires|fresh|fries|fisher|sheriff|,shire|hires|fresh|fries|fires|riffs|fisher|sheriff|
552,12,359,882,prefers,peers|refer|prefers|,peers|spree|refer|reefs|refers|prefers|
553,12,265,852,dressed,deers|dressed|,deers|reeds|deeds|seers|dressed|
554,12,160,885,shorter,shore|horse|store|other|shorter|,shore|horse|those|ethos|store|other|retro|roster|resort|shorter|
555,12,51,683,planets,planet|plants|plates|petals|planets|,planet|planes|plants|plates|pastel|petals|staple|planets|
556,12,136,554,enroll,loner|enroll|,loner|enroll|
557,12,249,599,mainly,manly|inlay|mainly|,manly|inlay|mainly|
558,12,301,653,actress,caster|assert|actress|casters|,caster|recast|caress|assert|actress|casters|recasts|
559,12,301,537,retches,etches|secret|retches|,etches|cheers|erects|secret|retches|
560,12,289,457,raising,raisin|airing|rising|raising|,raisin|airing|rising|siring|raising|arising|
561,12,327,406,implies,impel|limes|smile||simple|implies|,impel|limps|limes|smile|slime|spiel|simple|simile|implies|
562,12,397,534,custody,scout|ducts|study|custody|,scout|ducts|study|dusty|custody|
563,12,451,532,payroll,pally|polar|royal|alloy|payroll|,pally|polar|royal|rally|alloy|loyal|payroll|
564,12,497,627,pendant,adept|anent|pendant|,adept|taped|anent|panned|pedant|pendant|
565,12,577,636,defines,fiend|fends|defies|defines|,fiend|fined|fends|dense|defies|denies|defines|
566,12,596,579,borders,bored|sober|order|borders|,bored|bores|sober|bodes|order|borders|
567,12,695,537,mixture,merit|remit|mixture|,remix|merit|timer|remit|mixture|
568,11,250,756,release,easel|laser|release|sealer|,easel|erase|laser|lease|release|resale|sealer|
569,11,176,743,compare,macro|cream|opera|camper|compare|,macro|cameo|copra|cramp|cream|recap|opera|camper|compare|
570,11,112,770,reviews,sever|viewer|swerve|reviews|,verse|sever|wiser|sewer|viewer|swerve|reviews|
571,11,107,861,picture,price|trice|picture|,price|tripe|trice|truce|picture|
572,11,204,914,already,layer|early|ready|already|,layer|relay|early|delay|ready|dearly|already|
573,11,268,888,present,pester|repent|present|repents|,pester|repent|resent|present|repents|serpent|
574,11,274,818,chapter,cheap||trace|react|heart|earth|preach|chapter|,cheap|peach|parch|teach|chart|reach|caper|recap|crate|trace|react|heart|earth|preach|carpet|chapter|
575,11,348,655,tuesday,study|dusty|stayed|tuesday|,study|dusty|yeast|steady|stayed|tuesday|
576,11,356,552,forward,dwarf|arrow|ardor|forward|,dwarf|arrow|ardor|forward|
577,11,457,461,station,toast|stain|satin|station|,toast|stain|satin|saint|stint|taint|station|
578,11,491,352,animals,mains|snail|alias|animals|,mains|nails|snail|slain|nasal|alias|animals|
579,11,545,544,fitness,feint|inset|fitness|,feint|inset|fitness|
580,11,576,644,virtual,rival|vital|trail|ritual|virtual|,rival|vital|vault|trial|trail|ultra|ritual|virtual|
581,11,630,717,default,dealt|adult|fault|feudal|default|,dealt|delta|adult|fetal|flute|fault|feudal|default|
582,11,541,816,teacher,create|heater|teacher|cheater|,create|heater|teacher|cheater|
583,12,359,882,correct,rector|correct|,rector|correct|
584,12,265,852,install,stain|satin|slain|still|stall|install|,stain|saint|satin|nails|snail|slain|tails|still|slant|stall|install|
585,12,160,885,himself,shelf|smile|files|himself|,shelf|flesh|miles|smile|slime|files|himself|
586,12,51,683,eastern,easter|senate|eastern|nearest|,easter|senate|resent|eastern|earnest|nearest|
587,12,136,554,upgrade,purge|guard|argue|pager|grape|upgrade|,purge|prude|guard|auger|argue|pager|grape|padre|grade|upgrade|
588,12,249,599,protect,otter|potter|protect|,otter|potter|protect|
589,12,301,653,serious,osier|rouse|souse|serious|,osier|rouse|issue|souse|issuer|serious|
590,12,301,537,prevent,enter|event|repent|prevent|,nerve|never|enter|event|repent|prevent|
591,12,289,457,pastime,smite|spite|steam|stamp|pastime|,smite|items|spite|sepia|steam|spate|paste|stamp|pastime|
592,12,327,406,reserve,verse|revere|reserve|reverse|,serve|sever|verse|server|severe|revere|reserve|reverse|
593,12,397,534,plastic,scalp|plait|split|plastic|,scalp|clasp|plait|split|aspic|plastic|
594,12,451,532,fantasy,nasty|fantasy|,nasty|fantasy|
595,12,497,627,counter,ounce|truce|cornet|counter|recount|,count|ounce|court|truce|outer|route|tenor|cornet|counter|recount|
596,12,577,636,failure,frail|flare|rifle|failure|,flair|frail|flare|feral|rifle|ireful|failure|
597,12,596,579,seattle,latest|estate|teasel|settle|seattle|,latest|estate|teasel|settle|seattle|
598,12,695,537,archive,chair|reach|carve|archive|,chair|reach|carve|crave|archive|
599,11,250,756,edition,noted|idiot|iodine|edition|,noted|idiot|iodine|edition|
600,11,176,743,display,daisy|plaid|daily|display|,daisy|plaid|daily|palsy|display|
601,11,112,770,delimit,tiled|timid|limited|delimit|,limit|tiled|timid|limited|delimit|
602,11,107,861,natural,lunar|altar|natural|,lunar|ultra|altar|aural|natural|
603,11,204,914,wreathe,heater|weather|wreathe|,wreath|heater|weather|wreathe|
604,11,268,888,federal,dealer|leader|federal|,dealer|leader|federal|
605,11,274,818,finance,inane|finance|,inane|finance|
606,11,348,655,minutes,unites|unties|minutes|,unites|unties|minutes|
607,11,356,552,germany,range|mange|angry|manger|,range|anger|mange|angry|yearn|manger|germany|
608,11,457,461,satisfy,stays|fists|satisfy|,stays|fists|satisfy|
609,11,491,352,storage,grates|greats|storage|,grates|greats|storage|
610,11,545,544,capital,plait|capital|,plait|capital|
611,11,576,644,returns,turner|unrest|returns|,turner|unrest|returns|
612,11,630,717,culture,cruel|lucre|cuter|culture|,cruel|ulcer|lucre|cuter|truce|culture|
613,11,541,816,sucrose,course|source|sucrose|,course|source|scores|cruses|courses|sources|sucrose|
614,12,359,882,located,delta|located|,laced|delta|locate|coated|located|
615,12,265,852,cameras,scream|cameras|,camera|creams|scream|cameras|
616,12,160,885,shelter,lester|shelter|,lester|shelter|
617,12,51,683,ratings,strain|string|ratings|,rating|trains|strain|gratis|grants|grains|string|giants|ratings|
618,12,136,554,antlers,rental|staler|antlers|,rental|staler|antlers|
619,12,249,599,seaside,disease|seaside|,disease|seaside|
620,12,301,653,express,press|sprees|express|,peers|press|seeps|seers|sprees|express|
621,12,301,537,warning,wring|grain|awning|warning|,wring|grain|waning|awning|warning|
622,12,289,457,detains,instead|detains|,detain|instead|detains|
623,12,327,406,artists,strait|stairs|artists|,artist|traits|strait|stairs|artists|
624,12,397,534,respect,creeps|pester|secret|respect|,creeps|pester|erects|secret|respect|
625,12,451,532,devices,sieve|devise|devices|,dives|dices|cedes|vices|sieve|device|devise|sieved|devices|
626,12,497,627,fiction,tonic|fiction|,tonic|fiction|
627,12,577,636,advance,dance|advance|,caved|dance|caned|advance|
628,12,596,579,highest,height|eighth|highest|,height|eighth|thighs|highest|
629,12,695,537,allowed,ladle|dwell|dowel|allowed|,ladle|dwell|lowed|dowel|allowed|
630,11,250,756,discuss,discus|discuss|,discs|discus|discuss|
631,11,176,743,stencil,client|listen|enlist|silent|stencil|,client|incest|insect|listen|enlist|tinsel|silent|stencil|
632,11,112,770,patient,patent|patient|,patent|patient|
633,11,107,861,apparel,pearl|appear|appeal|apparel|,paper|apple|pearl|appear|appeal|apparel|
634,11,204,914,driving,riding|diving|driving|,riding|diving|virgin|driving|
635,11,268,888,therapy,earth|prate|hearty|earthy|therapy|,heart|hater|earth|taper|prate|party|repay|hearty|earthy|therapy|
636,11,274,818,entries,insert|resent|entries|,insert|resent|entries|
637,11,348,655,bondage,abode|adobe|badge|bondage|,abode|adobe|badge|gonad|anode|bondage|
638,11,356,552,nursing,ruins|using|nursing|,ruins|rungs|using|rings|nursing|
639,11,457,461,reasons,sensor|snores|season|reasons|,sensor|snores|season|reasons|
640,11,491,352,precise,recipe|creeps|specie|precise|,recipe|pierce|crepes|creeps|pieces|specie|recipes|precise|pierces|
641,11,545,544,produce,poured|recoup|produce|,poured|recoup|produce|
642,11,576,644,houston,shout|shunt|houston|,shout|south|shoot|shunt|houston|
643,11,630,717,oration,ratio|ration|oration|,ratio|train|ration|oration|
644,11,541,816,readers,erase|eraser|readers|,erase|reader|erased|eraser|readers|
645,12,359,882,pattern,prate|taper|patter|patent|pattern|,prate|taper|treat|patter|patent|parent|natter|pattern|
646,12,265,852,parking,grain|raking|parking|,grain|paring|raking|parking|
647,12,160,885,theater,eater|hatter|heater|tether|theater|,heart|hater|earth|there|three|ether|treat|eater|hatter|heater|tether|theater|
648,12,51,683,earlier,aerie|airer|earlier|,aerie|airer|earlier|
649,12,136,554,objects,besot|cotes|objects|,besot|cotes|object|objects|
650,12,249,599,sponsor,spoon|snoop|spoor||sponsor|,spoon|snoop|spoor||sponsor|
651,12,301,653,promote,troop|tempo|promote|,troop|tempo|motor|promote|
652,12,301,537,appears,spare|spear|papers|appears|,paper|spare|spear|appear|papers|appears|
653,12,289,457,decided,diced|ceded|decided|,diced|ceded|decide|decided|
654,12,327,406,tourism,roust|storm|suitor|tourism|,roust|tumor|storm|moist|suitor|tourism|
655,12,397,534,clearly,clear|layer|alley|clearly|,clear|layer|early|relay|alley|rally|cellar|caller|recall|really|clearly|
656,12,451,532,directs,credit|ciders|credits|directs|,credit|direct|ciders|edicts|stride|credits|directs|
657,12,497,627,general,angler|enrage|regale|enlarge|general|,angler|enrage|regale|enlarge|general|
658,12,577,636,flights,fights|lights|slight|flights|,flight|fights|lights|slight|flights|
659,12,596,579,experts,pester|experts|,expert|pester|experts|
660,12,695,537,vintage,native|eating|vintage|,native|eating|vintage|
661,11,250,756,exactly,exalt|latex|exactly|,exact|exalt|latex|calyx|exactly|
662,11,176,743,explore,expel|repel|explore|,expel|repel|explore|
663,11,112,770,reality,alert|alter|later|tiler|retail|reality|,alert|alter|later|relay|early|layer|irate|liter|tiler|trail|trial|laity|retail|reality|
664,11,107,861,speaker,spear|spare|erase|speaker|,speak|spear|spare|spark|erase|speaker|
665,11,204,914,anoints,satin|stain|nation|anoints|,satin|saint|stain|nation|anoint|anoints|
666,11,268,888,managed,adman|amend|damage|agenda|managed|,adman|mange|amend|adage|manage|damage|agenda|managed|
667,11,274,818,drivers,drives|divers|riders|rivers|drivers|,driver|drives|divers|riders|rivers|drivers|
668,11,348,655,married,admire|raider|married|,admire|raider|married|
669,11,356,552,garnish,garish|sharing|garnish|,garish|sharing|garnish|
670,11,457,461,figures,grief|guise|surge|figures|,grief|serif|guise|surge|figure|figures|
671,11,491,352,shemale,shame|shale|lease|shemale|,shame|shale|leash|easel|lease|shemale|
672,11,545,544,calling,lilac|clang|calling|,lilac|clang|cling|lacing|calling|
673,11,576,644,serving,singer|resign|reigns|serving|,singer|resign|reigns|serving|
674,11,630,717,matters,stream|treats|matters|,matter|master|stream|treats|matters|
675,11,541,816,physics,ships|spicy|physics|,ships|spicy|physic|physics|
676,12,359,882,reduced,crude|creed|deduce|reduced|,crude|creed|deuce|reduce|deduce|reduced|
677,12,265,852,samples,lapses|samples|,sample|lapses|samples|
678,12,160,885,removed,mover|drove|erode|removed|,mover|drove|erode|remove|removed|
679,12,51,683,singles,slings|singes|singles|,single|slings|singes|singles|
680,12,136,554,amounts,mason|moans|mount|amounts|,mason|moans|mount|amount|amounts|
681,12,249,599,contain,cation|action|anoint|contain|,cation|action|canton|cannot|nation|anoint|contain|
682,12,301,653,crystal,scaly|stray|satyr|salty|crystal|,scaly|stray|satyr|salty|crystal|
683,12,301,537,ignores,resign|signer|senior|regions|ignores|,region|ignore|resign|signer|senior|regions|ignores|
684,12,289,457,posting,piston|spigot|posting|,piston|spigot|posting|
685,12,327,406,aspects,aspect|aspects|,aspect|spaces|spates|pastes|aspects|
686,12,397,534,austria,stair|tiara|austria|,stair|tiara|austria|
687,12,451,532,despite,speed|steed|despite|,speed|steed|spite|steep|despite|
688,12,497,627,seeking,siege|skein|singe|seeking|,siege|skein|singe|seeing|seeking|
689,12,577,636,smoking,minks|smoking|,minks|smoking|
690,12,596,579,becomes,obese|becomes|,obese|combs|comes|become|becomes|
691,12,695,537,carried,raider|carried|,raider|carried|
692,11,250,756,circuit,critic|circuit|,critic|circuit|
693,11,176,743,printed,tripe|pride|inter|inert|printed|,print|ripen|tripe|pride|inter|inert|diner|tired|trend|printed|
694,11,112,770,clothes,closet|hostel|clothes|,clothe|closet|hostel|clothes|
695,11,107,861,removal,realm|molar|marvel|removal|,mover|realm|lamer|lover|moral|molar|valor|morale|marvel|removal|
696,11,204,914,diverse,derive|desire|devise|diverse|,revise|derive|reside|desire|devise|diverse|
697,11,268,888,topical,topic|pilot|plait|topical|,topic|pilot|plait|optical|topical|
698,11,274,818,feeling,feign|liege|feline|feeling|,elfin|feign|fling|liege|feline|feeling|fleeing|
699,11,348,655,bedroom,boomed|roomed|moored|bedroom|,boomed|roomed|moored|bedroom|
700,11,356,552,orlando,radon|adorn|donor|orlando|,radon|adorn|donor|orlando|
701,11,457,461,lawyers,layers|relays|lawyers|,lawyer|layers|relays|lawyers|
702,11,491,352,advisor,avoid|radio|visor|advisor|,avoid|radio|savor|visor|savior|advisor|
703,11,545,544,seminar,marine|remains|seminar|,remain|marine|remains|seminar|
704,11,576,644,transit,strain|artist|strait|transit|,strain|artist|strait|transit|
705,11,630,717,matches,schema|sachet|matches|,schema|chaste|cheats|sachet|matches|
706,11,541,816,walking,awing|align|waking|walking|,awing|align|waking|walking|
707,12,359,882,engines,singe|siege|ensign|engines|,singe|siege|engine|ensign|seeing|engines|
708,12,265,852,explain,penal|plane|panel|plain|explain|,penal|plane|panel|alien|plain|alpine|explain|
709,12,160,885,smaller,smear|smell|laser|realm|smaller|,small|smear|smell|laser|lamer|realm|smaller|
710,12,51,683,modules,module|seldom|modules|,module|seldom|modules|
711,12,136,554,trouble,butler|trouble|,butler|trouble|
712,12,249,599,holding,login|doing|holding|,login|doing|holing|doling|holding|
713,12,301,653,leaders,erased|dealers|leaders|,dealer|leader|erased|dealers|leaders|
714,12,301,537,organic,racing|arcing|caring|organic|,racing|arcing|caring|organic|
715,12,289,457,leaving,genial|leaving|,genial|leaving|
716,12,327,406,respond,person|snored|respond|,person|snored|ponder|respond|
717,12,397,534,entered,tender|rented|entered|,tender|rented|entered|
718,12,451,532,belgium,bulge|bugle|belgium|,bulge|bugle|imbue|guile|belgium|
719,12,497,627,ancient,inane|innate|ancient|,inane|anent|innate|ancient|
720,12,577,636,portion,troop|point|portion|,troop|point|print|potion|portion|
721,12,596,579,leisure,lures|rules|reels|leisure|,lures|rules|reels|leisure|
722,12,695,537,husband,daubs|bands|husband|,daubs|bands|husband|
723,11,250,756,reflect,creel|fleet|elect|reflect|,creel|erect|fleet|cleft|elect|reflect|
724,11,176,743,concert,tenor|cornet|concert|,tenor|cornet|concert|
725,11,112,770,britain,brain|tibia|britain|,brain|tibia|train|britain|
726,11,107,861,adopted,adept|dated|depot|adopted|,adopt|adept|dated|depot|doted|adopted|
727,11,204,914,treated,eater|trade|deter|treated|,treat|eater|tread|trade|rated|deter|treated|
728,11,268,888,replace,parcel|repeal|cereal|replace|,parcel|repeal|cereal|replace|
729,11,274,818,reached,cedar|cheer|creed|adhere|reached|,reach|cedar|cadre|cheer|creed|adhere|header|reached|
730,11,348,655,enabled,blend|blade|enabled|,blend|blade|bleed|enable|enabled|
731,11,356,552,adapter,adapt|trade|prate|depart|adapter|,adapt|adept|padre|trade|tread|apart|prate|taper|parade|depart|petard|adapter|
732,11,457,461,episode,poise|depose|episode|,poise|speed|poised|depose|episode|
733,11,491,352,presume,super|purse|resume|presume|,super|purse|spume|serum|rupee|rupees|resume|supreme|presume|
734,11,545,544,planned,panel|plead|pedal|planned|,plane|panel|penal|plead|pedal|planned|
735,11,576,644,antonio,onion|anoint|nation|antonio|,onion|anoint|nation|notion|antonio|
736,11,630,717,gourmet,rogue|rouge|tumor|gourmet|,rogue|rouge|tumor|outer|route|gourmet|
737,11,541,816,orleans,loners|reason|learns|orleans|,loners|reason|learns|orleans|
738,12,359,882,prepare,paper|rapper|reaper|prepare|,paper|rapper|reaper|prepare|
739,12,265,852,consent,scent|stone|tonne|sonnet|consent|,cents|scent|onset|notes|stone|tones|tonne|tenon|sonnet|tonnes|tenons|consent|
740,12,160,885,chamber,charm|beach|cream|camber|chamber|,charm|march|beach|reach|cream|brace|harem|rehab|amber|bream|breach|camber|chamber|
741,12,51,683,typical,laity|plait|typical|,laity|plait|typical|
742,12,136,554,formula,flour|moral|molar|formal|formula|,forum|flour|flora|amour|moral|molar|mural|formal|formula|
743,12,249,599,periods,spider|poised|periods|,period|spider|poised|periods|
744,12,301,653,biggest,gibes|bites|biggest|,gibes|bites|biggest|
745,12,301,537,warding,daring|wading|drawing|warding|,daring|wading|drawing|warding|
746,12,289,457,bargain,baring|bargain|,baring|bargain|
747,12,327,406,hunting,ninth|night|thing|tuning|hunting|,ninth|night|thing|tuning|hunting|
748,12,397,534,romance,cream|crane|ocean|romance|,manor|cream|crane|cameo|ocean|canoe|cornea|romance|
749,12,451,532,writers,write|writer|writes|writers|,write|wrist|wires|weirs|wrest|strew|rites|writer|writes|writers|
750,12,497,627,indexed,nixed|dined|ended|denied|indexed|,index|nixed|dined|ended|indeed|denied|indexed|
751,12,577,636,dragnet,garden|danger|dragnet|,garden|danger|ardent|granted|dragnet|
752,12,596,579,lookout,outlook|lookout|,outlook|lookout|
753,12,695,537,cartoon,actor|canto|carton|cartoon|,actor|canto|croon|carton|cartoon|
754,11,250,756,charter,archer|crater|rather|charter|,archer|crater|tracer|rather|charter|
755,11,176,743,trainer,retain|trainer|terrain|,retain|trainer|terrain|
756,11,112,770,boggle,globe|boggle|,globe|boggle|
757,11,107,861,reserve,serve|revere|reverse|reserve|,verse|serve|sever|server|revere|severe|reverse|reserve|
758,11,204,914,topside,poised|despot|deposit|topside|,poised|despot|deposit|topside|
759,11,268,888,remains,marine|remain|remains|,marine|remain|seminar|remains|
760,11,274,818,formats,frost|storm|smart|formats|,frost|storm|roast|smart|format|formats|
761,11,348,655,ignited,tinge|digit|ignite|ignited|,tinge|digit|ignite|editing|dieting|ignited|
762,11,356,552,section,notice|tocsin|insect|section|,notice|tocsin|insect|section|
763,11,457,461,detroit,tired|otter|editor|detroit|,tired|ditto|otter|trite|editor|detroit|
764,11,491,352,sitting,stint|sting|sitting|,stint|sting|sitting|
765,11,545,544,placing,paling|lacing|placing|,paling|pacing|lacing|placing|
766,11,576,644,toshiba,hoist|sahib|toshiba|,hoist|boast|habit|sahib|toshiba|
767,11,630,717,retrial,retail|trailer|retrial|,retail|trailer|retrial|
768,11,541,816,antique,untie|unite|quite|quiet|antique|,untie|unite|quite|quiet|quaint|auntie|antique|
769,12,359,882,destiny,deity|inset|density|destiny|,deity|inset|density|destiny|
770,12,265,852,mention,tenon|intone|mention|,tenon|tonne|intone|mention|
771,12,160,885,amended,madden|mended|amended|,madden|demand|deaden|mended|amended|
772,12,51,683,capture,teacup|carpet|capture|,teacup|carpet|capture|
773,12,136,554,doctors,stood|scoot|torso|roost|doctors|,cords|stood|doors|coots|scoot|torso|roots|roost|doctor|doctors|
774,12,249,599,buffalo,bluff|buffalo|,bluff|buffalo|
775,12,301,653,camping,magic|panic|camping|,magic|panic|camping|
776,12,301,537,welfare,wafer|feral|flare|welfare|,wafer|feral|flare|welfare|
777,12,289,457,massage,amass|massage|,amass|seams|games|sagas|sages|gases|massage|
778,12,327,406,monster,sermon|monster|,sermon|monster|
779,12,397,534,cruises,curse|issue|cruises|,curse|issue|cruise|curses|issuer|cruises|
780,12,451,532,heating,eight|thing|night|heating|,thane|eight|hinge|neigh|thing|night|agent|tinge|giant|hating|eating|heating|
781,12,497,627,scripts,scrip|crisp|strips|scripts|,scrip|crisp|strip|script|strips|scripts|
782,12,577,636,contest,scent|onset|stone|contest|,scent|onset|stone|contest|
783,12,596,579,braille,libel|label|liable|braille|,libel|label|liable|liberal|braille|
784,12,695,537,voltage,glove|gloat|voltage|,glove|gloat|voltage|
785,11,250,756,console,clone|close|loosen|console|,colon|clone|close|noose|loose|loosen|console|
786,11,176,743,loading,along|gland|dialog|loading|,along|login|gland|doing|dialog|doling|loading|
787,11,112,770,ongoing,going|onion|ongoing|,going|onion|ongoing|
788,11,107,861,liberty,liter|tiler|trilby|liberty|,liter|tiler|beryl|tribe|trilby|liberty|
789,11,204,914,convert,cover|overt|covert|vector|convert|,cover|covet|tenor|overt|voter|cornet|covert|vector|convert|
790,11,268,888,analyst,nasal|nasty|atlas|analyst|,nasal|slant|nasty|atlas|salty|analyst|
791,11,274,818,derived,drive|diver|dried||derived|,drive|diver|dried|derive|deride|derived|
792,11,348,655,postage,paste|spate|stage|postage|,paste|spate|stage|postage|
793,11,356,552,capable,apace|place||palace|capable|,apace|place|cabal|cable|palace|capable|
794,11,457,461,elected,delete|elected|,elect|delete|elected|
795,11,491,352,citizen,incite|citizen|,incite|citizen|
796,11,545,544,anytime,meant|anytime|amenity|,meant|amity|enmity|anytime|amenity|
797,11,576,644,genetic,entice|genetic|,entice|genetic|
798,11,630,717,lecture,elect|truce|erect|lecture|,elect|lucre|cruel|ulcer|creel|truce|erect|lecture|
799,11,541,816,promise,impose|promise|,impose|promise|
800,12,359,882,tiffany,fifty|faint|nifty|tiffany|,fifty|faint|nifty|tiffany|
801,12,265,852,turning,ruing|tuning|turning|,ruing|tuning|turning|
802,12,160,885,visible,veils|lives|evils|visible|,veils|lives|evils|visible|
803,12,51,683,mercury,mercy|curry|mercury|,mercy|merry|recur|curry|mercury|
804,12,136,554,burning,bring|ruing|burning|,bring|ruing|burning|
805,12,249,599,coupons,scoop|snoop|coupons|,scoop|spoon|snoop|coupon|coupons|
806,12,301,653,passing,assign|passing|,assign|passing|
807,12,301,537,pottery,potty|poetry|pretty|pottery|,potty|petty|otter|potter|poetry|pretty|pottery|
808,12,289,457,anemic,mince|cinema|anemic|,mince|cinema|anemic|
809,12,327,406,resided,desire|reside|deride|resided|,desire|reside|deride|desired|derides|resided|
810,12,397,534,highest,height|eighth|highest|,height|eighth|highest|
811,12,451,532,assumes,amuses|masses|assumes|,assume|amuses|masses|assumes|
812,12,497,627,healing,neigh|angel|angle|genial|healing|,hinge|neigh|alien|agile|angel|angle|inhale|genial|healing|
813,12,577,636,venture,event|never|enter|tenure|venture|,event|venue|never|nerve|enter|neuter|tenure|venture|
814,12,596,579,rolling,groin|grill|login|rolling|,groin|grill|login|rolling|
815,12,695,537,arrived,raider|varied|driver|arrived|,arrive|raider|varied|driver|arrived|
816,11,250,756,treason,reason|ornate|senator|treason|,atones|reason|tenors|ornate|senator|treason|
817,11,176,743,lodging,doling|ogling|lodging|,doling|ogling|lodging|
818,11,112,770,stopped,posted|depots|stopped|,posted|despot|depots|topped|stopped|
819,11,107,861,tourist,roust|tutor|trout|strut|tourist|,tours|routs|roust|tutor|trout|stout|trios|riots|trots|trust|strut|suitor|tutors|trouts|tourist|
820,11,204,914,closely,solely|closely|,solely|closely|
821,11,268,888,visited,divest|tidies|visited|,divest|tidies|visited|
822,11,274,818,counsel,ounces|consul|clones|counsel|,ounces|consul|clones|uncles|counsel|
823,11,348,655,targets,grates|greats|treats|targets|,target|grates|greats|treats|targets|
824,11,356,552,invited,divine|invited|,invite|divine|invited|
825,11,457,461,framers,farmers|framers|,farmer|frames|farmers|framers|
826,11,491,352,esquire,squire|queries|esquire|,squire|queries|esquire|
827,11,545,544,eastern,senate|resent|earnest|eastern|,senate|enters|resent|easter|eaters|earnest|eastern|
828,11,576,644,cutlers,luster|rustle|result|cutlers|,ulcers|truces|eructs|luster|rustle|result|cluster|cutlers|
829,11,630,717,vendors,snored|vendors|,vendor|droves|drones|snored|vendors|
830,11,541,816,whereas,wheres|hearse|whereas|,wheres|hewers|washer|hearse|whereas|
831,12,359,882,partial,lariat|partial|,lariat|partial|
832,12,265,852,closeup,couples|closeup|,couple|couples|closeup|
833,12,160,885,ranking,grain|raking|ranking|,grain|raking|ranking|
834,12,51,683,sublime,imbues|sublime|,imbues|sublime|
835,12,136,554,trusted,utters|rusted|duster|trusted|,utters|rusted|rudest|duster|rutted|trusted|
836,12,249,599,knowing,owing|owning|knowing|,known|owing|owning|knowing|
837,12,301,653,dancing,caning|dancing|,caning|dancing|
838,12,301,537,publish,pubis|blush|publish|,pubis|plush|blush|publish|
839,12,289,457,pioneer,ripen|reopen|pioneer|,ripen|prone|repine|reopen|pioneer|
840,12,327,406,acrobat,cobra|actor|carat|acrobat|,cobra|actor|carat|abort|aorta|acrobat|
841,12,397,534,thermal,halter|lather|thermal|,halter|lather|hamlet|armlet|thermal|
842,12,451,532,telling,inlet|legit|tingle|telling|,inlet|legit|tinge|glint|lintel|tingle|telling|
843,12,497,627,coastal,coast|atlas|coastal|,coast|coats|coals|colts|clots|atlas|coastal|
844,12,577,636,laundry,lunar|laundry|,lunar|laundry|
845,12,596,579,segment,genes|tense|segment|,genes|meets|metes|teems|teens|tense|segment|
846,12,695,537,insight,sting|night|thing|sight|insight|,sting|hints|thins|night|thing|sight|siting|nights|things|insight|
847,11,250,756,secrets,recess|secrets|,secret|erects|recess|crests|steers|esters|secrets|
848,11,176,743,glasses,glass|sages|glasses|,glass|slags|gales|gases|sages|sales|lasses|glasses|
849,11,112,770,baleens,sable|easel|enable|baleens|,beans|leans|lanes|bales|sable|easel|lease|enable|enables|baleens|
850,11,107,861,rebuild,bridle|builder|rebuild|,buried|burled|bridle|builder|rebuild|
851,11,204,914,outcome,comet|outcome|,comet|outcome|
852,11,268,888,swatter,waster|waters|treats|swatter|,waster|waters|treats|swatter|
853,11,274,818,centers,center|screen|erects|centers|,center|recent|screen|erects|secret|enters|resent|centers|
854,11,348,655,charger,reach|archer|charger|,reach|grace|charge|archer|charger|
855,11,356,552,cooling,logic|cling|login|cooling|,colon|logic|cling|igloo|login|logion|cooling|
856,11,457,461,hoppers,shore|horse|spore|prose|hoppers|,hopes|shore|horse|popes|props|spore|prose|ropes|preps|hopper|shopper|hoppers|
857,11,491,352,divorce,video|drove|voice|voiced|divorce|,video|diver|drive|cider|cried|drove|roved|credo|voice|cover|voiced|divorce|
858,11,545,544,telecom,elect|emote|comet|omelet|,elect|emote|comet|omelet|
859,11,576,644,exposed,poxes|posed|speed|exposed|,poxes|posed|speed|expose|depose|exposed|
860,11,630,717,founded,found|funded|founded|,found|funded|founded|
861,11,541,816,trained,retain|ranted|rained|trained|,retain|tirade|ranted|ardent|detain|rained|trained|
862,12,359,882,tobacco,taboo|cocoa|tobacco|,taboo|cocoa|tobacco|
863,12,265,852,pension,pines|peons|opens|ponies|pension|,pines|spine|snipe|peons|opens|poise|noise|ponies|pension|
864,12,160,885,somehow,moose|whose|somehow|,moose|whose|somehow|
865,12,51,683,worship,prows|whirs|whips|worship|,prows|whirs|whips|worship|
866,12,136,554,herself,heels|reels|flees|herself|,sheer|fresh|heels|shelf|flesh|reels|reefs|frees|feels|flees|herself|
867,12,249,599,damages,dames|meads|games|adages|damages|,dames|meads|adage|games|damage|adages|damages|
868,12,301,653,revised,divers|drives|sieved|versed|served|derives|revised|,divers|drives|derive|devise|sieved|desire|reside|versed|served|revise|diverse|derives|revised|
869,12,301,537,passion,pains|spins|pianos|passion|,soaps|spans|snaps|pains|piano|spins|snips|oasis|pianos|passion|
870,12,289,457,patches,aspect|cheats|patches|,aspect|chaste|cheats|sachet|patches|
871,12,327,406,insider,diners|rinsed|irides|insider|,inside|diners|rinsed|irides|insider|
872,12,397,534,elapsed,pealed|leaped|leased|pleased|elapsed|,please|elapse|asleep|pleads|pedals|lapsed|pealed|leaped|leased|pleased|elapsed|
873,12,451,532,genuine,engine|genuine|,genie|engine|genuine|
874,12,497,627,baskets,bastes|beasts|stakes|steaks|baskets|,basket|bastes|basset|beasts|skates|stakes|steaks|baskets|
875,12,577,636,bristol,boils|blots|orbits|broils|bristol|,orbit|broil|obits|boils|bolts|blots|riots|trios|roils|loris|toils|bistro|orbits|broils|bristol|
876,12,596,579,studied,suited|duties|dusted|studied|,suited|duties|dusted|studied|
877,12,695,537,profits,trips|forts|riots|trios|rifts|profits|,sport|trips|strip|posit|frost|forts|riots|trios|rifts|first|profit|profits|
878,11,250,756,florist,flits|lifts|forts|toils|flirts|florist|,foils|lofts|flirt|flits|lifts|forts|frost|first|rifts|loris|toils|riots|trios|flirts|florist|
879,11,176,743,funeral,lunar|unreal|neural|funeral|,feral|flare|lunar|learn|unreal|neural|funeral|
880,11,112,770,enjoyed,needy|joyed|enjoyed|,enjoy|needy|joyed|enjoyed|
881,11,107,861,francis,fairs|rains|francs|francis|,franc|scarf|fairs|rains|francs|francis|
882,11,204,914,noticed,noted|toned|cited|coined|noticed|,tonic|noted|toned|cited|edict|notice|coined|noticed|
883,11,268,888,signals,slings|snails|signals|,signal|assign|slings|snails|signals|
884,11,274,818,symbols,mossy|bossy|slobs|symbols|,mossy|bossy|slobs|symbol|symbols|
885,11,348,655,holders,hordes|horsed|shored|holders|,holder|hordes|horsed|shored|solder|holders|
886,11,356,552,swished,wished|wishes|swished|swedish|,wished|wishes|dishes|hissed|swished|swedish|
887,11,457,461,witness,swines|sinews|insets|witness|,twines|wisest|swines|sinews|insets|witness|
888,11,491,352,stagged,staged|gadgets|stagged|,gadget|tagged|staged|gadgets|stagged|
889,11,545,544,impacts,mastic|impacts|,impact|mastic|impacts|
890,11,576,644,induced,dined|diced|induced|,undid|dined|diced|dunce|induce|induced|
891,11,630,717,kilning,lining|inkling|kilning|,liking|lining|linking|inkling|kilning|
892,11,541,816,appeals,apple|lapse|sepal|appeals|,apple|pales|peals|pleas|lapse|leaps|sepal|appeal|apples|appeals|
893,12,359,882,illness,sills|lines|isles|sells|illness|,sills|lines|isles|sells|illness|
894,12,265,852,pending,pined|pinned|ginned|pending|,pined|pinned|ending|ginned|pending|
895,12,160,885,reduces,crudes|educes|deuces|secured|reduces|,secure|rescue|crudes|seduce|educes|deuces|creeds|reduce|secured|rescued|reduces|
896,12,51,683,routine,orient|triune|routine|,orient|triune|routine|
897,12,136,554,wearing,gnawer|regain|wearing|,gnawer|regain|wearing|
898,12,249,599,royalty,royal|royalty|,royal|royalty|
899,12,301,653,demount,mounted|demount|,mounted|demount|
900,12,301,537,canners,cranes|scanner|canners|,cranes|canner|scanner|canners|
901,12,289,457,integer,entire|regent|integer|,entire|regent|integer|treeing|
902,12,327,406,besides,bides|sides|seeds|besides|,bides|sides|seeds|beside|besides|
903,12,397,534,moments,memos|omens|notes|tones|moments|,memos|meson|omens|onset|notes|tones|stone|moment|moments|
904,12,451,532,strings,stings|strings|,string|stings|strings|
905,12,497,627,torture,retort|router|turret|torture|,retort|router|turret|torture|
906,12,577,636,assumed,massed|amused|assumed|,assume|amuses|massed|amused|assumed|
907,12,596,579,brokers,bores|robes|sober|brokers|,broke|bores|robes|sober|broker|brokers|
908,12,695,537,warrant,arrant|warrant|,arrant|warrant|
909,11,250,756,seasons,oases|noses|seasons|,oases|noses|season|seasons|
910,11,176,743,pissing,spins|snips|sings|signs|pissing|,spins|snips|sings|signs|pissing|
911,11,112,770,younger,rouge|rogue|younger|,young|rouge|rogue|younger|
912,11,107,861,rapidly,rapid|plaid|daily|rapidly|,rapid|laird|dairy|diary|plaid|daily|rapidly|
913,11,204,914,sifting,gifts|siting|sifting|,gifts|sting|siting|sifting|
914,11,268,888,outline,until|inlet|outline|,until|untie|unite|inlet|outline|
915,11,274,818,demands,madden|amends|sadden|demands|,demand|madden|amends|sadden|demands|
916,11,348,655,tracked,traced|tacked|racked|tracked|,racket|traced|redact|tacked|racked|tracked|
917,11,356,552,consult,consul|consult|,consul|counts|locust|consult|
918,11,457,461,greatly,gyrate|argyle|realty|greatly|,gyrate|argyle|realty|greatly|
919,11,491,352,cycling,cynic|cling|lying|cycling|,cynic|cling|lying|clingy|cycling|
920,11,545,544,pentium,untie|unite|minute|pentium|,inept|input|untie|unite|impute|minute|pentium|
921,11,576,644,gallery,really|allergy|gallery|,really|allergy|gallery|
922,11,630,717,protein,orient|pointer|protein|,orient|pointer|protein|
923,11,541,816,stretch,crest|chest|stretch|,crest|certs|chest|retch|stretch|
924,12,359,882,permits,primes|remits|merits|miters|permits|,permit|primes|priest|sprite|stripe|remits|merits|miters|mister|permits|
925,12,265,852,cleaner,cereal|cleaner|,cereal|cleaner|
926,12,160,885,cricket,trick|trice|ticker|cricket|,trick|trice|ticker|cricket|
927,12,51,683,feigned,fiend|fined|feeding|feigned|,fiend|fined|feign|define|feeding|feigned|
928,12,136,554,olympic,imply|comply|policy|myopic|olympic|,imply|comply|policy|myopic|olympic|
929,12,249,599,customs,scums|smuts|scouts|customs|,scout|scums|costs|ousts|smuts|musts|custom|scouts|customs|
930,12,301,653,decline,lined|niece|decline|,lined|niece|decline|
931,12,301,537,proceed,recode|proceed|,recode|proceed|
932,12,289,457,founder,fonder|refund|founder|,fonder|refund|founder|
933,12,327,406,dispute,stupid|upside|dispute|,stupid|upside|duties|suited|dispute|
934,12,397,534,adverse,erased|versed|adverse|,erased|versed|adverse|
935,12,451,532,excerpt,except|expect|expert|excerpt|,except|expect|expert|excerpt|
936,12,497,627,perfume,rupee|perfume|,rupee|perfume|
937,12,577,636,restore,resort|stereo|restore|,resort|stereo|restore|
938,12,596,579,reactor,crater|carrot|reactor|,crater|tracer|rector|carrot|creator|reactor|
939,12,695,537,passage,sagas|sages|gases|passage|,gasps|gapes|sagas|sages|gases|passage|
940,11,250,756,headset,heated|sedate|headset|,deaths|heated|seated|sedate|teased|headset|
941,11,176,743,extract,exact|crate|tract|extract|,extra|exact|trace|react|crate|cater|treat|tract|extract|
942,11,112,770,markers,makers|remarks|markers|,remark|marker|makers|remarks|markers|
943,11,107,861,decades,ceased|decades|,decade|ceased|decades|
944,11,204,914,raising,raisin|airing|rising|raising|,raisin|grains|airing|rising|siring|arising|raising|
945,11,268,888,railway,warily|airway|railway|,warily|airway|railway|
946,11,274,818,pointed,point|depot|noted|pointed|,point|opted|depot|pined|noted|toned|pointed|
947,11,348,655,saucing,gains|using|casing|saucing|,gains|using|suing|casing|causing|saucing|
948,11,356,552,mistake,smite|stake|mistake|,smite|steam|stake|steak|skate|mistake|
949,11,457,461,mineral,marine|remain|mailer|mineral|,marine|remain|mailer|mineral|
950,11,491,352,fortune,front|often|tenor|fortune|,front|forte|often|outer|route|tenor|fortune|
951,11,545,544,declaim,malice|medical|declaim|,malice|calmed|mailed|claimed|medical|declaim|
952,11,576,644,tracker,racket|crater|tracker|,racket|tracer|crater|tracker|
953,11,630,717,screens,scenes|sneers|screens|censers|,screen|recess|scenes|sneers|screens|censers|
954,11,541,816,planner,plane|learn|planer|planner|,plane|panel|penal|paler|pearl|learn|planer|planner|
955,12,359,882,aortic,ratio|actor|aortic|,ratio|actor|aortic|
956,12,265,852,stadium,audits|admits|datums|stadium|,audits|admits|amidst|datums|stadium|
957,12,160,885,costume,custom|comets|costume|,custom|comets|costume|
958,12,51,683,painted,pained|panted|painted|,pained|panted|pedant|detain|painted|
959,12,136,554,artwork,arrow|artwork|,arrow|artwork|
960,12,249,599,ethical,teach|cheat|leach|ethical|,lithe|teach|cheat|lathe|leach|latch|ethical|
961,12,301,653,schemes,seems|meshes|schemes|,chess|seems|scheme|meshes|schemes|
962,12,301,537,neutral,neural|rental|neutral|,nature|neural|unreal|rental|neutral|
963,12,289,457,equally,equal|quell|alley|equally|,equal|quell|alley|equally|
964,12,327,406,reviled,levied|relied|relived|reviled|,levied|veiled|drivel|relied|derive|relive|revile|deliver|relived|reviled|
965,12,397,534,enhance,hence|enhance|,hence|enhance|
966,12,451,532,storied,stored|sorted|steroid|storied|,editor|rioted|stride|stored|sorted|steroid|storied|
967,12,497,627,hardest,threads|trashed|hatreds|hardest|,thread|hatred|hearts|haters|shared|threads|trashed|hatreds|hardest|
968,12,577,636,weapons,spawn|weapons|,weans|wanes|pawns|spawn|panes|napes|peons|opens|weapon|weapons|
969,12,596,579,charged,arched|graced|charged|,charge|arched|graced|charged|
970,12,695,537,shipped,shied|spied|piped|sipped|shipped|,shied|hides|pipes|spied|piped|sipped|shipped|
971,11,250,756,outlets,tousle|outset|outlets|,outlet|tousle|outset|outlets|
972,11,176,743,wishing,wings|swing|wishing|,wings|swing|wishing|
973,11,112,770,cologne,colon|clone|cologne|,colon|clone|cologne|
974,11,107,861,touched,outed|douche|touched|,touch|outed|chute|dutch|douche|touched|
975,11,204,914,mandate,mated|tamed|tandem|mandate|,adman|amend|named|mated|tamed|tandem|mandate|
976,11,268,888,bouquet,quote|bouquet|,quote|bouquet|
977,11,274,818,poultry,truly|portly|poultry|,truly|portly|poultry|
978,11,348,655,hygiene,hinge|neigh|hygiene|,hinge|neigh|hygiene|
979,11,356,552,polymer,reply|employ|polymer|,reply|employ|polymer|
980,11,457,461,depress,speeds|pressed|depress|,speeds|pressed|depress|
981,11,491,352,justify,fusty|justify|,fusty|justify|
982,11,545,544,locking,logic|login|locking|,logic|login|clink|cling|locking|
983,11,576,644,welding,lined|winged|dewing|welding|,wield|widen|lined|glide|winged|dewing|welding|
984,11,630,717,triumph,trump|thump|triumph|,mirth|trump|thump|triumph|
985,11,541,816,tasting,sating|stating|tasting|,taints|titans|sating|giants|stating|tasting|
986,12,359,882,outwork,workout|outwork|,workout|outwork|
987,12,265,852,concord,croon|cordon|concord|,croon|donor|condor|cordon|concord|
988,12,160,885,bounder,burned|burden|rebound|bounder|,burned|burden|rebound|bounder|
989,12,51,683,sprayer,repays|prayers|sprayer|,prayer|repays|sparer|prayers|sprayer|
990,12,136,554,teaches,cheats|sachet|etches|teaches|,cheats|chaste|sachet|etches|teaches|
991,12,249,599,cleared,cradle|dealer|declare|cleared|,cradle|dealer|leader|cereal|declare|cleared|creedal|
992,12,301,653,counted,outed|noted|toned|counted|,count|ounce|dunce|donut|outed|noted|toned|counted|
993,12,301,537,lighted,tiled|eight|delight|lighted|,glide|tiled|legit|lithe|eight|light|delight|lighted|
994,12,289,457,travels,averts|alerts|ravels|travels|,travel|averts|starve|alerts|ravels|slaver|travels|
995,12,327,406,expired,pried|pride|expired|,pried|pride|expire|expired|
996,12,397,534,routing,ruing|outing|touring|routing|,ingot|groin|ruing|outing|touring|routing|
997,12,451,532,obesity,obeys|bites|bytes|obesity|,besot|obeys|bites|bytes|obesity|
998,12,497,627,beaters,eaters|rebates|berates|beaters|,rebate|berate|beater|barest|eaters|easter|rebates|berates|beaters|
999,12,577,636,tasking,asking|skating|staking|tasking|,asking|sating|giants|taking|skating|staking|tasking|takings|
1000,12,596,579,numeric,mincer|cerium|numeric|,mincer|cerium|numeric|
1001,12,695,537,cardiac,acrid|cicada|cardiac|,acrid|cicada|cardiac|
1002,11,250,756,bowling,bowing|lowing|blowing|bowling|,goblin|bowing|lowing|blowing|bowling|
1003,11,176,743,madness,amends|sedans|madness|,amends|massed|sedans|madness|
1004,11,112,770,density,destiny|density|,destiny|density|
1005,11,107,861,longest,longs|glens|tones|longest|,longs|ogles|glens|tongs|onset|notes|stone|tones|longest|
1006,11,204,914,heather,hearth|heater|heather|,hearth|heater|heather|
1007,11,268,888,marking,arming|making|raking|marking|,margin|arming|making|raking|marking|
1008,11,274,818,garners,ranges|angers|garners|,garner|ranges|angers|garners|
1009,11,348,655,version,senior|version|,senior|version|
1010,11,356,552,fathers,haters|hearts|earths|fathers|,father|strafe|afresh|haters|hearts|earths|fathers|
1011,11,457,461,reclaim,mailer|malice|miracle|reclaim|,mailer|malice|miracle|reclaim|
1012,11,491,352,magical,magic|claim|magical|,magic|claim|magical|
1013,11,545,544,penguin,unpin|penguin|,unpin|penguin|
1014,11,576,644,medical,malice|declaim|medical|,calmed|mailed|malice|declaim|claimed|medical|
1015,11,630,717,distant,taints|distant|,titans|taints|distant|
1016,11,541,816,muscles,mussel|muscles|,muscle|mussel|muscles|
1017,12,359,882,emerald,remade|dermal|leader|emerald|,remade|reamed|dermal|leader|dealer|emerald|
1018,12,265,852,pushing,punish|pushing|gunship|,punish|pushing|gunship|
1019,12,160,885,inquire,urine|inquire|,urine|inquire|
1020,12,51,683,pockets,pocks|pokes|poets|pecks|socket|pockets|,pocks|copes|copse|scope|pokes|spoke|poets|pecks|speck|stock|pocket|socket|pockets|
1021,12,136,554,picking,icing|picking|,icing|piking|picking|
1022,12,249,599,farming,grain|arming|margin|farming|,grain|faring|faming|arming|margin|framing|farming|
1023,12,301,653,relates,alerts|alters|eaters|relates|,relate|alerts|alters|staler|eaters|easter|teasel|relates|
1024,12,301,537,vampire,ramie|revamp|vampire|,viper|aimer|ramie|prime|revamp|vampire|
1025,12,289,457,mileage,email|agile|liege|mileage|,email|image|gleam|agile|liege|eagle|mileage|
1026,12,327,406,assured,assure|duress|assured|,assure|duress|assured|
1027,12,397,534,outputs,putout|outputs|,output|putout|outputs|
1028,12,451,532,aquatic,acquit|aquatic|,acquit|aquatic|
1029,12,497,627,tithing,thing|night|tithing|,tight|thing|night|hitting|tithing|
1030,12,577,636,boarder,border|broader|boarder|,border|broader|boarder|
1031,12,596,579,corners,censor|scorer|snorer|corners|,corner|censor|scorer|snorer|corners|
1032,12,695,537,boating,obtain|boating|,obtain|boating|
1033,11,250,756,missile,smiles|similes|missile|,simile|smiles|similes|missile|
1034,11,176,743,declare,dealer|cleared|dec,
1035,11,112,770,coating,action|coting|coating|,cation|action|coting|acting|coating|
1036,11,107,861,geology,gooey|leggy|geology|,gooey|leggy|geology|
1037,11,204,914,scholar,corals|carols|choral|scholar|,corals|carols|choral|scholar|
1038,11,268,888,trustee,truest|utters|street|trustee|,truest|utters|tester|street|trustee|
1039,11,274,818,varying,raving|raying|varying|,raving|raying|varying|
1040,11,348,655,elector,creole|elector|,creole|elector|
1041,11,356,552,strikes,skirts|sister|resist|strikes|,strike|skirts|sister|resist|skiers|strikes|
1042,11,457,461,blocked,locked|blocked|,locked|blocked|
1043,11,491,352,toddler,toddle|retold|toddler|,toddle|retold|toddler|
1044,11,545,544,fifteen,feint|fifteen|,feint|fifteen|
1045,11,576,644,refined,refine|friend|fender|refined|,refine|friend|finder|defier|fender|define|refined|
1046,11,630,717,relying,linger|relying|,linger|relying|
1047,11,541,816,tactics,tactic|attics|static|tactics|,tactic|attics|static|tactics|
1048,9,197,654,caption,action|cation|caption|,action|cation|caption|
1049,9,138,737,related,leader|dealer|treadle|related|,relate|elated|leader|dealer|alerted|treadle|related|
1050,9,76,820,knights,thinks|nights|things|knights|,knight|thinks|nights|things|knights|
1051,9,149,868,clerics,relics|circles|clerics|,circle|cleric|relics|slicer|circles|clerics|
1052,9,250,878,formers,former|reforms|formers|,sorer|reform|former|reforms|formers|
1053,9,336,837,blessed,sleds|seeds|bleeds|blessed|,bless|bleed|sleds|seeds|bleeds|blessed|
1054,9,358,734,regalia,large|glare|aerial|regalia|,large|glare|regal|agile|aerial|regalia|
1055,9,377,636,twisted,widest|witted|twisted|,widest|witted|twisted|
1056,9,432,548,gallery,really|allergy|gallery|,really|allergy|gallery|
1057,9,626,442,evident,envied|vented|evident|,envied|vented|evident|
1058,9,662,502,manures,manure|surname|manures|,manure|surname|manures|
1059,9,618,584,signori,origin|rising|origins|signori|,origin|groins|rising|siring|origins|signori|
